account_name,subaccount_name,subaccount_address,hash,type,status,block,time,volume,fee,sender,alias,receiver,direction,delegate
ledger,nano:x-1:staking-1,tz1S1ayWDiHzmL6zFNnY1ivvUkEgDcH88cjx,opXjAyJPznN9SRfkeXZaoosXEgmv8aqf1BuzANvegVQmx8Fud1L,transaction,applied,BLm5toEAqv8jnbQGM75a9yfi83SYZgV5HA9uTNb1vpMewi4UXUW,2022-03-01T14:38:34Z,0.149250,0.005500,tz1Rx4cKtfFJdS3rS9aRXQZT2NGruiBDPz15,,tz1S1ayWDiHzmL6zFNnY1ivvUkEgDcH88cjx,IN,
ledger,nano:x-1:staking-1,tz1S1ayWDiHzmL6zFNnY1ivvUkEgDcH88cjx,ooXNiHHL9cywj3N4uN6d5QJ9XK6jAgAgbftF7XcfjNiQW2V3WNo,transaction,applied,BLM8ABE2Wk5c3n9fr5QTCHWzAcjiTFvyA13n4oi1e2NUmthJCgB,2022-03-02T13:39:34Z,0.143750,0.005500,tz1S1ayWDiHzmL6zFNnY1ivvUkEgDcH88cjx,,tz1Rx4cKtfFJdS3rS9aRXQZT2NGruiBDPz15,OUT,
ledger,nano:x-1:staking-1,tz1S1ayWDiHzmL6zFNnY1ivvUkEgDcH88cjx,onkZzVBKEehLW52bRVtCtkx6d1wd8pQSpNyynDiPsS6f4VvBuQe,transaction,applied,BL3Ff3qzT9yRtGbYKKmvPC8xpacYuDhwpz9mWqvHQndntziCP83,2022-03-02T16:33:54Z,0.138250,0.005500,tz1Rx4cKtfFJdS3rS9aRXQZT2NGruiBDPz15,,tz1S1ayWDiHzmL6zFNnY1ivvUkEgDcH88cjx,IN,
ledger,nano:x-1:staking-1,tz1S1ayWDiHzmL6zFNnY1ivvUkEgDcH88cjx,oobULLdV9PWik2KMehM4QgharETdLZdp3VeqRQiWAu56Kxf9hjV,transaction,applied,BMFEaq3yMaUQV8R9oDwMNi5D9Lg8szRMZ299EUB9qVS2mLuC3CK,2022-03-07T10:50:14Z,0.132750,0.005500,tz1S1ayWDiHzmL6zFNnY1ivvUkEgDcH88cjx,,tz1Rx4cKtfFJdS3rS9aRXQZT2NGruiBDPz15,OUT,
ledger,nano:x-1:staking-1,tz1S1ayWDiHzmL6zFNnY1ivvUkEgDcH88cjx,op4c4wmqks6auQ3VBMitBJetCPwuuPbC3nRwy2J22rtoXNW9yat,delegation,applied,BM2ruSKzYvxNDMKoD3os8gns8H4m3CoTbDn7Zvx9AqQhYTzccqZ,2022-03-07T12:55:44Z,0.269500,0.005500,tz1S1ayWDiHzmL6zFNnY1ivvUkEgDcH88cjx,,,OUT,
ledger,nano:x-1:staking-1,tz1S1ayWDiHzmL6zFNnY1ivvUkEgDcH88cjx,opGi3vswULqvkPbAvX6VGFodYvbUHaahfZLWJc8ByBGgxkdBD4u,delegation,applied,BKwZTP4kh7wJcb5deJmBXz33emjDcPz7ifPQBDMQSBX2UYAHfLR,2022-03-18T14:24:04Z,0.264000,0.005500,tz1S1ayWDiHzmL6zFNnY1ivvUkEgDcH88cjx,,,OUT,
ledger,nano:x-1:staking-1,tz1S1ayWDiHzmL6zFNnY1ivvUkEgDcH88cjx,opPuZaVjo1pNLWM6FMXW1Tno5NYR6QM5o8qTWs7mnyktCYDjRya,delegation,applied,BMVzNYabLL1Rasxwkgf3JiQmFk2v2okKpjmWVCw7hQuh4xhZ9fk,2022-03-22T11:40:24Z,0.258500,0.005500,tz1S1ayWDiHzmL6zFNnY1ivvUkEgDcH88cjx,,,OUT,
ledger,nano:x-1:staking-1,tz1S1ayWDiHzmL6zFNnY1ivvUkEgDcH88cjx,opGxfQqo8CMBpNnpQK5EfJeJ8y5aS1ZG6brRjpDb5VDmHhc6gbd,delegation,applied,BKzjj2ZwSpipfovgUXntrjxohDGH9ntP43C9NfvJZe1bRbC9PMF,2022-03-25T17:52:24Z,0.253000,0.005500,tz1S1ayWDiHzmL6zFNnY1ivvUkEgDcH88cjx,,,OUT,
ledger,nano:x-1:staking-1,tz1S1ayWDiHzmL6zFNnY1ivvUkEgDcH88cjx,opVD9wy2X3hUCyKyVckBnEJvDdfeiYDshRvYvyGBYztNYr7mRvs,transaction,applied,BKuDkSzscxC5Nv5QU4vKUcx4DahK43VW4mojVb366tepbJjoo3M,2022-03-29T10:03:54Z,0.121750,0.005500,tz1Rx4cKtfFJdS3rS9aRXQZT2NGruiBDPz15,,tz1S1ayWDiHzmL6zFNnY1ivvUkEgDcH88cjx,IN,
ledger,nano:x-1:staking-1,tz1S1ayWDiHzmL6zFNnY1ivvUkEgDcH88cjx,ooJuj1qbexjM252gQuyQycSJXy4rGNR9AX5v6PrChopAdPZtWdc,transaction,applied,BM7bjEpKUkazCbUfv7hmVzkpvQcuh2KzLWwDawWo3ajCXoiXExv,2022-04-06T09:59:59Z,0.000087,0.000298,tz1W1en9UpMCH4ZJL8wQCh8JDKCZARyVx2co,Everstake Payouts,tz1S1ayWDiHzmL6zFNnY1ivvUkEgDcH88cjx,IN,
ledger,nano:x-1:staking-1,tz1S1ayWDiHzmL6zFNnY1ivvUkEgDcH88cjx,opJQ9byANaTdyeGmheLQyBcXMdX2idWwpbFPLuapLyzqwDNHNrq,transaction,applied,BLrWrUrje2FGUKbq8ci3gwTURKh5igBTuUk7BNBZ9FvJPHFgryE,2022-04-06T15:20:44Z,0.094337,0.005500,tz1S1ayWDiHzmL6zFNnY1ivvUkEgDcH88cjx,,tz1Rx4cKtfFJdS3rS9aRXQZT2NGruiBDPz15,OUT,
ledger,nano:x-1:staking-1,tz1S1ayWDiHzmL6zFNnY1ivvUkEgDcH88cjx,oosokwLuFT7wU1QsnTUz62hBYRjT6W9miM9phnwsgDJt4XhmRau,transaction,applied,BMKjv98dPD9eXQgv2NTQqyGS7xm7MzgPHBLoFMTVnD8txbUiQ6L,2022-04-07T09:52:59Z,0.088837,0.005500,tz1Rx4cKtfFJdS3rS9aRXQZT2NGruiBDPz15,,tz1S1ayWDiHzmL6zFNnY1ivvUkEgDcH88cjx,IN,
ledger,nano:x-1:staking-1,tz1S1ayWDiHzmL6zFNnY1ivvUkEgDcH88cjx,onqmvdY37eq4wBoTM4aEsM8ENyA9kYyJGFNoVfkboXUzJmiw7qA,transaction,applied,BM3u6fmnDWQ4NB3rn9BN984om5GWa1jaKfpK7LLVEXhMWmLgzE6,2022-04-07T18:10:29Z,0.000168,0.000298,tz1W1en9UpMCH4ZJL8wQCh8JDKCZARyVx2co,Everstake Payouts,tz1S1ayWDiHzmL6zFNnY1ivvUkEgDcH88cjx,IN,
ledger,nano:x-1:staking-1,tz1S1ayWDiHzmL6zFNnY1ivvUkEgDcH88cjx,ooXpfmU4ttRxST4SBDu4qNvcTMVR9Y8WFuUXLCHUbhAt2jTwjBg,transaction,applied,BLQXxgcRP93An9FfBRFUGwNtAVrfhxr3SX2rRsieYDn7bf9fs87,2022-04-08T13:13:29Z,0.083505,0.005500,tz1S1ayWDiHzmL6zFNnY1ivvUkEgDcH88cjx,,tz1Rx4cKtfFJdS3rS9aRXQZT2NGruiBDPz15,OUT,
ledger,nano:x-1:staking-1,tz1S1ayWDiHzmL6zFNnY1ivvUkEgDcH88cjx,onwhyi3qMzFaodhCg6a3xU4HzEVo28wuga8ZwMsEZVEr8z517cW,transaction,applied,BMEELrqgwbnmk93N28Uw4WLVzMqXF6onVjMRabTAQ5xuPA5sHDG,2022-04-11T07:57:59Z,0.078005,0.005500,tz1Rx4cKtfFJdS3rS9aRXQZT2NGruiBDPz15,,tz1S1ayWDiHzmL6zFNnY1ivvUkEgDcH88cjx,IN,
ledger,nano:x-1:staking-1,tz1S1ayWDiHzmL6zFNnY1ivvUkEgDcH88cjx,oniuEn9MuemnGtNvJVKzVfuv1mUzXjWqN4bPQFNq1xgvsqfEnVk,transaction,applied,BMLaE1shFsueoZgULpVVtt96wZwt1dHkGiQbSptmRuA7e8Z3sKP,2022-04-11T15:32:14Z,0.000076,0.000298,tz1W1en9UpMCH4ZJL8wQCh8JDKCZARyVx2co,Everstake Payouts,tz1S1ayWDiHzmL6zFNnY1ivvUkEgDcH88cjx,IN,
ledger,nano:x-1:staking-1,tz1S1ayWDiHzmL6zFNnY1ivvUkEgDcH88cjx,oobnWruGS8fLmjdCfiy7hxnmgoWxWaGoXPWgvhUHYFEv9jEXoKs,transaction,applied,BM1SN2WYGmpcht7LtZ6CN78YWzVo5wVpzWrPBmfUE5XrQ6FC1so,2022-04-15T03:40:29Z,0.000168,0.000298,tz1W1en9UpMCH4ZJL8wQCh8JDKCZARyVx2co,Everstake Payouts,tz1S1ayWDiHzmL6zFNnY1ivvUkEgDcH88cjx,IN,
ledger,nano:x-1:staking-1,tz1S1ayWDiHzmL6zFNnY1ivvUkEgDcH88cjx,opJT7yfKkfFUVQTKAdinmspEbg2krCvcbRy4PvAvE7AM6k3ze5C,transaction,applied,BLMgfBYn8Lvq1FMWrF1mXEnFcxd2z8ja4YgFwB9245BK9vMWub6,2022-04-17T08:00:59Z,0.000176,0.000298,tz1W1en9UpMCH4ZJL8wQCh8JDKCZARyVx2co,Everstake Payouts,tz1S1ayWDiHzmL6zFNnY1ivvUkEgDcH88cjx,IN,
ledger,nano:x-1:staking-1,tz1S1ayWDiHzmL6zFNnY1ivvUkEgDcH88cjx,opBFSugtTWnmMvjCPbd1LPPiK3msqrfQMUVoec8kcJP4PEKQHUn,transaction,applied,BL6qQqU5K8G3eTTUWgZmPtgRgLU5DekXvsR8U41NokeFZQ18QQ8,2022-04-18T08:54:44Z,0.072925,0.005500,tz1S1ayWDiHzmL6zFNnY1ivvUkEgDcH88cjx,,tz1Rx4cKtfFJdS3rS9aRXQZT2NGruiBDPz15,OUT,
ledger,nano:x-1:staking-1,tz1S1ayWDiHzmL6zFNnY1ivvUkEgDcH88cjx,oocJ73BGBxAQqqjocLut51QLX7MsXRomdytcpCZXUrrHuWhrBff,transaction,applied,BLrtjNkyNANGZPcUuXPbRYECASudnTX5DbH6f3jAQDiWAZeL1a2,2022-04-19T10:39:14Z,0.000172,0.000298,tz1W1en9UpMCH4ZJL8wQCh8JDKCZARyVx2co,Everstake Payouts,tz1S1ayWDiHzmL6zFNnY1ivvUkEgDcH88cjx,IN,
ledger,nano:x-1:staking-1,tz1S1ayWDiHzmL6zFNnY1ivvUkEgDcH88cjx,oovkpnzgYuh8s1i5Wf1CVwxPn7RMDiBBxU4fGG6wpRprDhuceUH,transaction,applied,BMLw7faR1YY5fiKLqfB3nz6CUU7ugiU7jJ9ZgqFXqNL8HSR9A1Z,2022-04-21T11:20:59Z,0.001000,0.005500,tz1Rx4cKtfFJdS3rS9aRXQZT2NGruiBDPz15,,tz1S1ayWDiHzmL6zFNnY1ivvUkEgDcH88cjx,IN,
ledger,nano:x-1:staking-1,tz1S1ayWDiHzmL6zFNnY1ivvUkEgDcH88cjx,ongL5aL1TBXs6BjcpSbRpHwhRS1XQMmScmpdhMGoSaXw8DdNv9P,delegation,applied,BL8ASBmFbbeh4h4cDcm6LaTdqmncHXFRpb5Uo1ubk2zTSX8qfxZ,2022-04-21T13:46:29Z,0.270672,0.005500,tz1S1ayWDiHzmL6zFNnY1ivvUkEgDcH88cjx,,,OUT,
ledger,nano:x-1:staking-1,tz1S1ayWDiHzmL6zFNnY1ivvUkEgDcH88cjx,ooDpgtLGbBNUY9BVDsWMpfDmeGuKa1iyJXGVceqee468LLz4icQ,transaction,applied,BL58Y41MYBEFuTz1YVnKT3asxuJkx92VTansSJjsDhkiUWKZsBi,2022-04-22T10:08:59Z,0.000163,0.000298,tz1W1en9UpMCH4ZJL8wQCh8JDKCZARyVx2co,Everstake Payouts,tz1S1ayWDiHzmL6zFNnY1ivvUkEgDcH88cjx,IN,
ledger,nano:x-1:staking-1,tz1S1ayWDiHzmL6zFNnY1ivvUkEgDcH88cjx,ooPrWD4iKvf6DdKA7UCkuGewUbmYd6Ldndcia5CWKSeUWrfR49Q,transaction,applied,BLLaUyyLdNuFaPQcTA1CmhddEroskUNCj9F5hbQurmBtDz3xhEp,2022-04-25T11:36:44Z,0.000162,0.000298,tz1W1en9UpMCH4ZJL8wQCh8JDKCZARyVx2co,Everstake Payouts,tz1S1ayWDiHzmL6zFNnY1ivvUkEgDcH88cjx,IN,
ledger,nano:x-1:staking-1,tz1S1ayWDiHzmL6zFNnY1ivvUkEgDcH88cjx,onqm3azVeUA6WbgowFS1VqLGJffkjexKZmDGi8mEnw5UHagibJj,delegation,applied,BMMPCCmcCHac3K5PTS2ZcK4X6bJGaQrDo6tRgrx6SiuvRDXNZSK,2022-04-27T13:36:44Z,0.265497,0.005500,tz1S1ayWDiHzmL6zFNnY1ivvUkEgDcH88cjx,,,OUT,
ledger,nano:x-1:staking-1,tz1S1ayWDiHzmL6zFNnY1ivvUkEgDcH88cjx,ooXy7tbUKWMiQWnift2v66ZXZWDzv11V6jjqxgEHHt1aCn5K5AV,transaction,applied,BM8tN5DNd2CFNWdbcvkwqwRb9wPvu6Y94qTsSnJY3Bc5TqhHQbA,2022-04-28T09:21:59Z,0.000142,0.000298,tz1W1en9UpMCH4ZJL8wQCh8JDKCZARyVx2co,Everstake Payouts,tz1S1ayWDiHzmL6zFNnY1ivvUkEgDcH88cjx,IN,
ledger,nano:x-1:staking-1,tz1S1ayWDiHzmL6zFNnY1ivvUkEgDcH88cjx,op4zk8Zd9jB2aN5fMKAh5NdgHiH3hCRphX79N7HwDcG2kCDK95X,transaction,applied,BLKU2GYrZADuE2oVU3imZGorTGRxTfRRwfWxijkt9eZsJ9qMevN,2022-05-01T08:56:44Z,0.000120,0.000298,tz1W1en9UpMCH4ZJL8wQCh8JDKCZARyVx2co,Everstake Payouts,tz1S1ayWDiHzmL6zFNnY1ivvUkEgDcH88cjx,IN,
ledger,nano:x-1:staking-1,tz1S1ayWDiHzmL6zFNnY1ivvUkEgDcH88cjx,oovLEbGzHh8v6ehZXvsLKimbCJ5dcD9sFuf8r4qfQ4p1fUktjVg,transaction,applied,BMJTXpnXfsJ9SJpaNpoTt6AUcR6HRDF5nqMeyTruYJeNWPeZznL,2022-05-04T14:41:44Z,0.049925,0.005500,tz1Rx4cKtfFJdS3rS9aRXQZT2NGruiBDPz15,,tz1S1ayWDiHzmL6zFNnY1ivvUkEgDcH88cjx,IN,
ledger,nano:x-1:staking-1,tz1S1ayWDiHzmL6zFNnY1ivvUkEgDcH88cjx,opSGnHjPojjRdNoWtiKEzo494QMAY3weB28H8W19nPKtbW544WH,transaction,applied,BKyi1DpDpQudurQz4R3fJZgSggu1C5BZiMbisfNjcCth12qk4Tp,2022-05-05T10:23:59Z,0.000185,0.000298,tz1W1en9UpMCH4ZJL8wQCh8JDKCZARyVx2co,Everstake Payouts,tz1S1ayWDiHzmL6zFNnY1ivvUkEgDcH88cjx,IN,
ledger,nano:x-1:staking-1,tz1S1ayWDiHzmL6zFNnY1ivvUkEgDcH88cjx,op9qjTpbAgR7jATVKD4jZLCid8LvvdtvABqLepAvh6EUHWBmVtm,transaction,applied,BMLbP6G6pJtzRbqBACgSdQzWbBRYvLosPceVX2gQNSX71WryeeR,2022-05-09T15:04:14Z,0.000114,0.000298,tz1W1en9UpMCH4ZJL8wQCh8JDKCZARyVx2co,Everstake Payouts,tz1S1ayWDiHzmL6zFNnY1ivvUkEgDcH88cjx,IN,
ledger,nano:x-1:staking-1,tz1S1ayWDiHzmL6zFNnY1ivvUkEgDcH88cjx,op18Z5aD8BYaSbWqfX7boreXk3tDwiiM5qCk8i1X5AQVNwSyLoc,transaction,applied,BMbZ99otG2g8pdEkk6yK4SjngKiXRCZ8ADXC7t6xJYG9eqH8EbV,2022-05-11T07:05:59Z,0.000118,0.000298,tz1W1en9UpMCH4ZJL8wQCh8JDKCZARyVx2co,Everstake Payouts,tz1S1ayWDiHzmL6zFNnY1ivvUkEgDcH88cjx,IN,
ledger,nano:x-1:staking-1,tz1S1ayWDiHzmL6zFNnY1ivvUkEgDcH88cjx,onwCGAAQBX71YGWvymfHRamwxQGcVMW6H9C2dp1KfHwuV3mWD9o,transaction,applied,BLEbGMt7ZTR1ZMAzKTsX8cmwR95PJASyTHdbaLjamxSh8sTH2o6,2022-05-16T23:05:29Z,0.000115,0.000298,tz1W1en9UpMCH4ZJL8wQCh8JDKCZARyVx2co,Everstake Payouts,tz1S1ayWDiHzmL6zFNnY1ivvUkEgDcH88cjx,IN,
ledger,nano:x-1:staking-1,tz1S1ayWDiHzmL6zFNnY1ivvUkEgDcH88cjx,opNZqSWw1F6pPjY5Jeqnw97q7YGuw9ZhZyxbBeScDS6zXsuUjgc,transaction,applied,BLLU2gBNtRxkWNVU6tjyTk12NnQWZKkNMRnbDRv12G3peao94NH,2022-05-18T10:57:44Z,0.035716,0.005500,tz1S1ayWDiHzmL6zFNnY1ivvUkEgDcH88cjx,,tz1Rx4cKtfFJdS3rS9aRXQZT2NGruiBDPz15,OUT,
ledger,nano:x-1:staking-1,tz1S1ayWDiHzmL6zFNnY1ivvUkEgDcH88cjx,onoViyTYySWXLC872wBSDWHw37ZYCSh4NGmnhb45xYfLM5bRJwT,transaction,applied,BL9iHfS7wG68hn8EDFGkuHH1NNuafRTu8MeL6Q2W9e4D8VUjVEm,2022-05-19T06:16:29Z,0.000115,0.000298,tz1W1en9UpMCH4ZJL8wQCh8JDKCZARyVx2co,Everstake Payouts,tz1S1ayWDiHzmL6zFNnY1ivvUkEgDcH88cjx,IN,
ledger,nano:x-1:staking-1,tz1S1ayWDiHzmL6zFNnY1ivvUkEgDcH88cjx,onjMuTjyQYQxBVNUc2HPACeeXG2RkjETY5Vw4uGcmxJpMZDFrvP,transaction,applied,BLB9t6bwjwj6HrafowTvNzEQdJZEDrYdY7wTySTFTN8YVPfTWpK,2022-05-22T10:34:14Z,0.000113,0.000298,tz1W1en9UpMCH4ZJL8wQCh8JDKCZARyVx2co,Everstake Payouts,tz1S1ayWDiHzmL6zFNnY1ivvUkEgDcH88cjx,IN,
ledger,nano:x-1:staking-1,tz1S1ayWDiHzmL6zFNnY1ivvUkEgDcH88cjx,oomBcU2XgjrUvfEcyJE3HRjXd942DZWsrGPTeRNqU7mRD5uDqAr,delegation,applied,BLzLsgDQF8CZXhZKYh2FX9ajkLnBHj5uZY58XhHrWdvmkw8W5YC,2022-05-23T10:33:44Z,0.269728,0.005500,tz1S1ayWDiHzmL6zFNnY1ivvUkEgDcH88cjx,,,OUT,
ledger,nano:x-1:staking-1,tz1S1ayWDiHzmL6zFNnY1ivvUkEgDcH88cjx,ontVQB9d8QY58a9LYZ33oVQFDdjaPR6QWFtrqFAqwQxdHbopYWH,delegation,applied,BM5LvVkreXbjsCnwdj7cW1z8iSudxhRqgLq3HeMSjsu5559t8Di,2022-05-23T10:36:14Z,0.264228,0.005500,tz1S1ayWDiHzmL6zFNnY1ivvUkEgDcH88cjx,,,OUT,
ledger,nano:x-1:staking-1,tz1S1ayWDiHzmL6zFNnY1ivvUkEgDcH88cjx,op51Enn1xDivQtNkHceF9wwCEkivYNkNiWmS7BgQ9tCnuow55Z1,transaction,applied,BLc4ZgkyjeJMxrVQJHmH4NWBBfW4wJrjEztfcXUeo7HbqEUjPKm,2022-05-25T08:16:14Z,0.000115,0.000298,tz1W1en9UpMCH4ZJL8wQCh8JDKCZARyVx2co,Everstake Payouts,tz1S1ayWDiHzmL6zFNnY1ivvUkEgDcH88cjx,IN,
ledger,nano:x-1:staking-1,tz1S1ayWDiHzmL6zFNnY1ivvUkEgDcH88cjx,opE3hDRSTqXEe2G6NATPPH42goxEXHynscdy4vqm47UxeSGwuQ6,delegation,applied,BKrHT1ypThQEpezfzsXVADdqgU7pKuay2YBrT9iDLGL8fFae86B,2022-05-26T11:13:14Z,0.258843,0.005500,tz1S1ayWDiHzmL6zFNnY1ivvUkEgDcH88cjx,,,OUT,
ledger,nano:x-1:staking-1,tz1S1ayWDiHzmL6zFNnY1ivvUkEgDcH88cjx,opS2atBkd1Xe3Qq6rbdwMmatG9fbzZSbQ24oB8pPwK6H4AYJ1QK,transaction,applied,BMdVpoRn3rASduW5bF8aXnxDj4HPWAafDEPghCRghaB8SK42sBX,2022-05-27T12:48:14Z,0.000140,0.000298,tz1W1en9UpMCH4ZJL8wQCh8JDKCZARyVx2co,Everstake Payouts,tz1S1ayWDiHzmL6zFNnY1ivvUkEgDcH88cjx,IN,
ledger,nano:x-1:staking-1,tz1S1ayWDiHzmL6zFNnY1ivvUkEgDcH88cjx,oo7M4knfcSfY5zTa9UYq4ZzKniArmo6EYoqBjkjgCtXKEuMPLTD,transaction,applied,BLUXhRCJgkPsXA3o824KBreYtcFDkVfkDkGofm5j3o3ZtcxBB89,2022-05-30T07:55:44Z,0.000134,0.000298,tz1W1en9UpMCH4ZJL8wQCh8JDKCZARyVx2co,Everstake Payouts,tz1S1ayWDiHzmL6zFNnY1ivvUkEgDcH88cjx,IN,
ledger,nano:x-1:staking-1,tz1S1ayWDiHzmL6zFNnY1ivvUkEgDcH88cjx,op3vsDyT344VaQceEpbVzpiw4HATCc9Qg8Fj6hRYz7PEWTwde3W,delegation,applied,BL7bCpjGUV96Nn7tgBZEUv1A6pQQgsx7hQKWjW3yzgMSE37fDbv,2022-05-30T18:06:14Z,0.253617,0.005500,tz1S1ayWDiHzmL6zFNnY1ivvUkEgDcH88cjx,,,OUT,
ledger,nano:x-1:staking-1,tz1S1ayWDiHzmL6zFNnY1ivvUkEgDcH88cjx,ootSTuphYJ3DkPS3jnkV7LjVWX9auTGWqhW4M5AsStgopY4CqEF,transaction,applied,BKsi873DXGyT9MmTpFrPCuMJ4VG2zdCxKsE3PSzGHdXkzeGzcx4,2022-06-02T13:40:14Z,0.000138,0.000298,tz1W1en9UpMCH4ZJL8wQCh8JDKCZARyVx2co,Everstake Payouts,tz1S1ayWDiHzmL6zFNnY1ivvUkEgDcH88cjx,IN,
ledger,nano:x-1:staking-1,tz1S1ayWDiHzmL6zFNnY1ivvUkEgDcH88cjx,oo4CbGU4Fd9hg1tACbESvsJ72S5vPiXPQrrFHUezKJAdsHyuCF4,transaction,applied,BMEnz4qrGS9PJcd8j5b1N5NNpYkxxVfcNJcTbCTorgrZFJK48TA,2022-06-05T09:39:14Z,0.000144,0.000298,tz1W1en9UpMCH4ZJL8wQCh8JDKCZARyVx2co,Everstake Payouts,tz1S1ayWDiHzmL6zFNnY1ivvUkEgDcH88cjx,IN,
ledger,nano:x-1:staking-1,tz1S1ayWDiHzmL6zFNnY1ivvUkEgDcH88cjx,opTVCgGrQusdNxn7fL96bowWvg5qz9r9SSj63GYSGgyQbpoXRSt,transaction,applied,BL8mT7w2my9tZGohCELikBpuWDEdqGahv16r4Y55R3amPK4rn6K,2022-06-09T09:45:14Z,0.000118,0.000298,tz1W1en9UpMCH4ZJL8wQCh8JDKCZARyVx2co,Everstake Payouts,tz1S1ayWDiHzmL6zFNnY1ivvUkEgDcH88cjx,IN,
ledger,nano:x-1:staking-1,tz1S1ayWDiHzmL6zFNnY1ivvUkEgDcH88cjx,op4321AF9YADnBk5HWQ7SgvQU2wxTngFjgEwS4r8La5ZegrGkkB,transaction,applied,BL4Xy77PvNHMag3ztz8MmX5hGyAX3aPkymNKaHCiLrSaWhuuDTE,2022-06-13T08:39:44Z,0.000121,0.000298,tz1W1en9UpMCH4ZJL8wQCh8JDKCZARyVx2co,Everstake Payouts,tz1S1ayWDiHzmL6zFNnY1ivvUkEgDcH88cjx,IN,
ledger,nano:x-1:staking-1,tz1S1ayWDiHzmL6zFNnY1ivvUkEgDcH88cjx,oo5kA35kWymVZ8ZX3BjC5NwAztdqVeASxLyEgZeFDNLGfcRRtKp,delegation,applied,BLmK6Yzkcy6BBFQ54gar5shjr7UsnUZAPVaAoeNS1z4EQJNqPt2,2022-06-21T11:11:59Z,0.248638,0.005500,tz1S1ayWDiHzmL6zFNnY1ivvUkEgDcH88cjx,,,OUT,
ledger,nano:x-1:staking-1,tz1S1ayWDiHzmL6zFNnY1ivvUkEgDcH88cjx,opag59WKimJBF13A6YZrzpfizLRBf9mXo5fnbrDvJLfeHW4wQgC,transaction,applied,BLvP1BJhLkrEwQqMSo6kjqt16ykff2GQi9Xy4RY472qRdMQB4g2,2022-06-23T08:59:29Z,0.000108,0.000298,tz1W1en9UpMCH4ZJL8wQCh8JDKCZARyVx2co,Everstake Payouts,tz1S1ayWDiHzmL6zFNnY1ivvUkEgDcH88cjx,IN,
ledger,nano:x-1:staking-1,tz1S1ayWDiHzmL6zFNnY1ivvUkEgDcH88cjx,op2niTq2yDnxo5aZMaP1J5nQsgyWMALEyMq6wN4vQVs62piuwpS,transaction,applied,BMbwoDV6fETbwFGT3sFuUWSufTeAR2V8wdVEWMiRFA8xWs2HeaM,2022-06-26T14:03:14Z,0.000110,0.000298,tz1W1en9UpMCH4ZJL8wQCh8JDKCZARyVx2co,Everstake Payouts,tz1S1ayWDiHzmL6zFNnY1ivvUkEgDcH88cjx,IN,
ledger,nano:x-1:staking-1,tz1S1ayWDiHzmL6zFNnY1ivvUkEgDcH88cjx,ooxp9BvKTLX3DGEUz64g3ezmrxRaUTmsNJQTbd2hRZ1Rd5WQEGe,transaction,applied,BLFEV5Gqcpw1r7A1t79t1jrzZaSAQWwQ879ZTnnMb1LMxfA2UP3,2022-06-27T07:49:14Z,0.500000,0.005500,tz1bLgcSkBMHfApaE6qfED8ae4mgJ5bCBvDj,,tz1S1ayWDiHzmL6zFNnY1ivvUkEgDcH88cjx,IN,
ledger,nano:x-1:staking-1,tz1S1ayWDiHzmL6zFNnY1ivvUkEgDcH88cjx,ooTtQxckfCU5RjsGf1QqFHQevn7z9ADA5RLUmFySCdkQcPNyKQC,transaction,applied,BKngrVzt1bvHBYwRctRq7fFh1kyDrngSszctxZFXZttDVNPnFPx,2022-06-27T07:56:44Z,0.468356,0.005500,tz1S1ayWDiHzmL6zFNnY1ivvUkEgDcH88cjx,,tz1Rx4cKtfFJdS3rS9aRXQZT2NGruiBDPz15,OUT,
ledger,nano:x-1:staking-1,tz1S1ayWDiHzmL6zFNnY1ivvUkEgDcH88cjx,ooYZ1Gba9z6d2bL3yt8MAbAmsSWzwTNW5mQY3QgxfL11wWNexJb,delegation,applied,BLm44LtzacTjYrtihcfK3jbTW49BfjNbysmQD6wTXRtcJWhVWsu,2022-06-27T10:06:59Z,0.269500,0.005500,tz1S1ayWDiHzmL6zFNnY1ivvUkEgDcH88cjx,,,OUT,
ledger,nano:x-1:staking-1,tz1S1ayWDiHzmL6zFNnY1ivvUkEgDcH88cjx,ont78VVdzuRnBfXWDxd7jdkRHuM43iC5L4AcfxaaMWQeHk9F5o6,transaction,applied,BMa4AXUG156eDCg8ncbZNZUKXp5PjAdbHcWv2xeX7KuEE1Rzq74,2022-06-29T08:38:59Z,0.483603,0.005500,tz1Rx4cKtfFJdS3rS9aRXQZT2NGruiBDPz15,,tz1S1ayWDiHzmL6zFNnY1ivvUkEgDcH88cjx,IN,
ledger,nano:x-1:staking-1,tz1S1ayWDiHzmL6zFNnY1ivvUkEgDcH88cjx,oowqV6RnJqowThqPqkqHi4YRj45zPxNskK2n4T2mjAiVjsHgxpg,transaction,applied,BLP3bi5HAYtU9DY3L5yU3Sm8ADFsdq7Hg1tKLvo8H5t8deTPvDK,2022-06-29T10:10:14Z,0.000108,0.000298,tz1W1en9UpMCH4ZJL8wQCh8JDKCZARyVx2co,Everstake Payouts,tz1S1ayWDiHzmL6zFNnY1ivvUkEgDcH88cjx,IN,
ledger,nano:x-1:staking-1,tz1S1ayWDiHzmL6zFNnY1ivvUkEgDcH88cjx,opSmnn16H2wyvouShPZt9Fw3k4gpHQExDeJGewvKvGdgGEo9rqF,transaction,applied,BMbVZX4rzh84XWkYZ1VLzZpKzdYi4fZwPWosAdTighKQJyjsGfT,2022-07-02T10:07:59Z,0.000114,0.000298,tz1W1en9UpMCH4ZJL8wQCh8JDKCZARyVx2co,Everstake Payouts,tz1S1ayWDiHzmL6zFNnY1ivvUkEgDcH88cjx,IN,
ledger,nano:x-1:staking-1,tz1S1ayWDiHzmL6zFNnY1ivvUkEgDcH88cjx,opZBav7PVUA3TgyVeRTkVNbxxQDX6AZfUYXvyupfotNUbaKpsaF,transaction,applied,BMbwa84FTX1AMZgmLHpdBP5rtduibwXXuJyHiZi2vMpc7xu4bD2,2022-07-05T08:59:59Z,0.000105,0.000298,tz1W1en9UpMCH4ZJL8wQCh8JDKCZARyVx2co,Everstake Payouts,tz1S1ayWDiHzmL6zFNnY1ivvUkEgDcH88cjx,IN,
ledger,nano:x-1:staking-1,tz1S1ayWDiHzmL6zFNnY1ivvUkEgDcH88cjx,ooKouPqMHvj7ZFuqwBRGr8veFEPDtVZrDTqwfYMDkyGkSHYA168,delegation,applied,BMbXfn52JWvsetMd2Yk1qimGbXqcLsjmshmi8Wx3JBMksRnHBju,2022-07-06T16:50:59Z,0.747930,0.005500,tz1S1ayWDiHzmL6zFNnY1ivvUkEgDcH88cjx,,,OUT,
ledger,nano:x-1:staking-1,tz1S1ayWDiHzmL6zFNnY1ivvUkEgDcH88cjx,onjnrWqxoFnzQRWUsMdv8z1uZnN7hL8kjPvQSE7Sj6YaDB2Wnp9,transaction,applied,BMXdP2PcNErHhvWJxmXZTfuqNDTyr5z3N8pnmmAYBBcUoqvd6tq,2022-07-07T08:27:29Z,0.467430,0.005500,tz1S1ayWDiHzmL6zFNnY1ivvUkEgDcH88cjx,,tz1Rx4cKtfFJdS3rS9aRXQZT2NGruiBDPz15,OUT,
ledger,nano:x-1:staking-1,tz1S1ayWDiHzmL6zFNnY1ivvUkEgDcH88cjx,ooBxGoLXdnxSJ1ASAGdjYmBHQ2Ud7rfsRzzWcFijD8jcV2R9iab,transaction,applied,BLtewJcwFh6Qmq6agq2JR1A4Muk8ttikS7YTf28wbqkHzW1PdFg,2022-07-09T07:21:59Z,0.000109,0.000298,tz1W1en9UpMCH4ZJL8wQCh8JDKCZARyVx2co,Everstake Payouts,tz1S1ayWDiHzmL6zFNnY1ivvUkEgDcH88cjx,IN,
ledger,nano:x-1:staking-1,tz1S1ayWDiHzmL6zFNnY1ivvUkEgDcH88cjx,opREeQGYMkMRaH7n29z6PPMafY7ZC8Y2GQRHsGKYuwYNm6Gf3WQ,transaction,applied,BLjfZXLhqrkuMwJRgV3z1C7gSun7CXB2kztC3UzqfArSXQwFLd7,2022-07-13T07:40:29Z,0.000104,0.000298,tz1W1en9UpMCH4ZJL8wQCh8JDKCZARyVx2co,Everstake Payouts,tz1S1ayWDiHzmL6zFNnY1ivvUkEgDcH88cjx,IN,
ledger,nano:x-1:staking-1,tz1S1ayWDiHzmL6zFNnY1ivvUkEgDcH88cjx,ooVc1Mj5XHZg4ewMWkEcb7BVNeHGxNtqa9STmZ3oktTKdtAjgxd,transaction,applied,BLWKQ4mSnXBfTnT8eGUEMm4Ekej3EQuXhfmgt4vJw76PjYWgmit,2022-07-14T07:28:44Z,0.000152,0.001792,tz1fishChEERnSesm8mHe7xsJJwymbHVLcYf,Stake.fish Payouts,tz1S1ayWDiHzmL6zFNnY1ivvUkEgDcH88cjx,IN,
ledger,nano:x-1:staking-1,tz1S1ayWDiHzmL6zFNnY1ivvUkEgDcH88cjx,oo77JT8Nnzjr864y2YiqQUEQCNNWocsBowABYowSMi37PhBMZan,transaction,applied,BLDk68JvU71fFkGsjPLztnkv8tsYkMkkC2SrTyq89cG5u1M76qp,2022-07-17T08:44:29Z,0.000112,0.000298,tz1W1en9UpMCH4ZJL8wQCh8JDKCZARyVx2co,Everstake Payouts,tz1S1ayWDiHzmL6zFNnY1ivvUkEgDcH88cjx,IN,
ledger,nano:x-1:staking-1,tz1S1ayWDiHzmL6zFNnY1ivvUkEgDcH88cjx,opS2Ag5iTLXrVZmznU4tR7FY9B5bRZhqkJsxz5pnyxewMSJQqvV,transaction,applied,BMP5H2My4tUqjCC4n5qgXWVpgwnVrqdYZVoQEthbgLbQBp5chyb,2022-07-20T08:37:44Z,0.000326,0.000298,tz1W1en9UpMCH4ZJL8wQCh8JDKCZARyVx2co,Everstake Payouts,tz1S1ayWDiHzmL6zFNnY1ivvUkEgDcH88cjx,IN,
ledger,nano:x-1:staking-1,tz1S1ayWDiHzmL6zFNnY1ivvUkEgDcH88cjx,oobx88oeR4ianUP3ET3YNNJbmho6hT6dsGufrQxmHg7bePr69SN,transaction,applied,BM1aaHW5VdH4A8pRQLHhrRdjAKrATgro5pebZXJxS81d6nfTcWQ,2022-07-23T08:09:59Z,0.000313,0.000298,tz1W1en9UpMCH4ZJL8wQCh8JDKCZARyVx2co,Everstake Payouts,tz1S1ayWDiHzmL6zFNnY1ivvUkEgDcH88cjx,IN,
ledger,nano:x-1:staking-1,tz1S1ayWDiHzmL6zFNnY1ivvUkEgDcH88cjx,onrwpkQd8whf852XomgExVfwfrZuMKMsKQWMgfVocixUGrN7tA5,delegation,applied,BLwHWHLWzx7BYxdrmxa6N7Nw49rYQySkhTSSxdVHzUmz4dJNC73,2022-07-26T10:29:29Z,0.270616,0.005500,tz1S1ayWDiHzmL6zFNnY1ivvUkEgDcH88cjx,,,OUT,
ledger,nano:x-1:staking-1,tz1S1ayWDiHzmL6zFNnY1ivvUkEgDcH88cjx,onriirbJ2RPigixCrpX2CPbynVXjoyLbdZpERSGvBBANGcKJ9B4,delegation,applied,BLigeqJ8f8E2t5AXP6ciC7YpucnfEXtizg8sM7y72emWyVf553Z,2022-08-05T18:28:29Z,0.265116,0.005500,tz1S1ayWDiHzmL6zFNnY1ivvUkEgDcH88cjx,,,OUT,
ledger,nano:x-1:staking-1,tz1S1ayWDiHzmL6zFNnY1ivvUkEgDcH88cjx,opSL9jvpFYjinvF41QY4nuknDodRPwC6sUjBqUBHpErTZpDd6UE,delegation,applied,BM9CXJQdMg8DV9GvuvD8hzLfXB7Q1YfLF5GMtw4ivnzv91Q19pV,2022-08-10T14:30:14Z,0.259616,0.005500,tz1S1ayWDiHzmL6zFNnY1ivvUkEgDcH88cjx,,,OUT,
ledger,nano:x-1:staking-1,tz1S1ayWDiHzmL6zFNnY1ivvUkEgDcH88cjx,ooRRCQTZty2jfDhZNGgdhuEKgxmvbVBA8th1Aeb6G5rVJVZyJRf,delegation,applied,BL6DFjUCHyQxtwGYx3raSKtLa9fdLzFcM53bnUCwZn3n1EHchCq,2022-08-12T07:38:29Z,0.254116,0.005500,tz1S1ayWDiHzmL6zFNnY1ivvUkEgDcH88cjx,,,OUT,
ledger,nano:x-1:staking-1,tz1S1ayWDiHzmL6zFNnY1ivvUkEgDcH88cjx,opPnGDKuwFrFaNUHZq6bNJXgA4krzXgTXbWJXE5pwtaPj79Zvop,transaction,applied,BMexZX94FRaqF743NBpze7GVR8HRXstJn28Z3s6kPWYpPd5DL1M,2022-08-16T15:32:29Z,0.456641,0.005500,tz1Rx4cKtfFJdS3rS9aRXQZT2NGruiBDPz15,,tz1S1ayWDiHzmL6zFNnY1ivvUkEgDcH88cjx,IN,
ledger,nano:x-1:staking-1,tz1S1ayWDiHzmL6zFNnY1ivvUkEgDcH88cjx,oowNs6QvFbL81ZZptQJa6nr5BATSv2n85Yq4C91kWVT3Xfzzezb,transaction,applied,BL79uihJUtSMC2n8aHYBuMrE2MXRRqXvQAqxsC2KPVuqMAkFhsX,2022-08-17T19:37:44Z,0.000115,0.000298,tz1W1en9UpMCH4ZJL8wQCh8JDKCZARyVx2co,Everstake Payouts,tz1S1ayWDiHzmL6zFNnY1ivvUkEgDcH88cjx,IN,
ledger,nano:x-1:staking-1,tz1S1ayWDiHzmL6zFNnY1ivvUkEgDcH88cjx,ooiBc7m1qCFy9wRvDjHLHFNaE9fX9uQnewxBLpJ72hbtA8Em1Vo,transaction,applied,BMBzRh7dieNcq7RGLQTbCoWTWCJhFU59XNPj1BjHeXNyzfFMsvr,2022-08-23T08:46:44Z,0.000113,0.000298,tz1W1en9UpMCH4ZJL8wQCh8JDKCZARyVx2co,Everstake Payouts,tz1S1ayWDiHzmL6zFNnY1ivvUkEgDcH88cjx,IN,
ledger,nano:x-1:staking-1,tz1S1ayWDiHzmL6zFNnY1ivvUkEgDcH88cjx,onjCcaVaRZrt4pATzErt7z4m8pm7VFhqfGKo98bgNmP5RBLxo6V,transaction,applied,BKmxnebma1rCMFNgAeiUqnMAas88uHQACe87Ryw369bbZbyvK9C,2022-08-23T10:58:29Z,0.000112,0.000298,tz1W1en9UpMCH4ZJL8wQCh8JDKCZARyVx2co,Everstake Payouts,tz1S1ayWDiHzmL6zFNnY1ivvUkEgDcH88cjx,IN,
ledger,nano:x-1:staking-1,tz1S1ayWDiHzmL6zFNnY1ivvUkEgDcH88cjx,ooy1mYvwLQdReWthJEwe2JhnRP1R6YgAAxZqZMBfuUyD63v2tvP,delegation,applied,BLjAjgEpYPBrxfyhkWptZ3JNWcMTmMrjJ6PwsoeXrGYSiWooLLv,2022-08-24T08:57:59Z,0.705597,0.005500,tz1S1ayWDiHzmL6zFNnY1ivvUkEgDcH88cjx,,,OUT,
ledger,nano:x-1:staking-1,tz1S1ayWDiHzmL6zFNnY1ivvUkEgDcH88cjx,onnXRP1AohzkHkiiN9cKByUq37LDWyJY47pQzTQZ4a4fBdP987i,transaction,applied,BLC2pbGqmgbufWcBshs5hRRVL2TyDyA6VHPrHnNMYqUhSGFf8RM,2022-09-12T11:41:59Z,0.000306,0.000298,tz1W1en9UpMCH4ZJL8wQCh8JDKCZARyVx2co,Everstake Payouts,tz1S1ayWDiHzmL6zFNnY1ivvUkEgDcH88cjx,IN,
ledger,nano:x-1:staking-1,tz1S1ayWDiHzmL6zFNnY1ivvUkEgDcH88cjx,onpinVNFgPxBr95mJiWPZg5x1WfaHgrMxihJdD6kBeMJFWm5eJt,transaction,applied,BL4uF9UUm2JYWs7MihLYVbofyv7FZD4AG8iURqTvvcoLZToJG1f,2022-09-15T15:19:44Z,0.000299,0.000298,tz1W1en9UpMCH4ZJL8wQCh8JDKCZARyVx2co,Everstake Payouts,tz1S1ayWDiHzmL6zFNnY1ivvUkEgDcH88cjx,IN,
ledger,nano:x-1:staking-1,tz1S1ayWDiHzmL6zFNnY1ivvUkEgDcH88cjx,ooc7NGE149Fq6bdrTfCr7z5rPbVTsNCWmfRAsLyEh3Coj36Fez8,transaction,applied,BMKRQznxMJCJb5tkiYGh7reE4dyY6xttEqZ2W2MRwBuJBvJEifp,2022-09-18T17:32:59Z,0.000316,0.000298,tz1W1en9UpMCH4ZJL8wQCh8JDKCZARyVx2co,Everstake Payouts,tz1S1ayWDiHzmL6zFNnY1ivvUkEgDcH88cjx,IN,
ledger,nano:x-1:staking-1,tz1S1ayWDiHzmL6zFNnY1ivvUkEgDcH88cjx,oodJB93Eej9Q5ie3bF5iHsSQqgJXxvRkdvp1c7wqo788zZXh4po,transaction,applied,BKicVbfZ8ESrXYYP4tPTJhAKF19RdAXJEgKAczXw3p24xyo2V3V,2022-09-21T09:52:29Z,0.000293,0.000298,tz1W1en9UpMCH4ZJL8wQCh8JDKCZARyVx2co,Everstake Payouts,tz1S1ayWDiHzmL6zFNnY1ivvUkEgDcH88cjx,IN,
ledger,nano:x-1:staking-1,tz1S1ayWDiHzmL6zFNnY1ivvUkEgDcH88cjx,onuARYzQk5oP2M1SPJLobxUQTaXRR76vdofViBByTjgXAPPXCXo,transaction,applied,BLc3qmZfm4BR5gK41rY9s54CxUsr5ZT71esuykUdBcUzsBhYMdS,2022-09-26T11:22:29Z,0.000300,0.000298,tz1W1en9UpMCH4ZJL8wQCh8JDKCZARyVx2co,Everstake Payouts,tz1S1ayWDiHzmL6zFNnY1ivvUkEgDcH88cjx,IN,
ledger,nano:x-1:staking-1,tz1S1ayWDiHzmL6zFNnY1ivvUkEgDcH88cjx,oo1kZ7xisiUotwwx4t1DLj9g3E3zK4zr6UwZTBS758W3pN1jA3T,transaction,applied,BLQtRAHCbLNrJy8WnrUEPVsyTTP32SXDUtg6EZtTtbqJP21BZht,2022-09-27T14:33:59Z,0.000291,0.000298,tz1W1en9UpMCH4ZJL8wQCh8JDKCZARyVx2co,Everstake Payouts,tz1S1ayWDiHzmL6zFNnY1ivvUkEgDcH88cjx,IN,
ledger,nano:x-1:staking-1,tz1S1ayWDiHzmL6zFNnY1ivvUkEgDcH88cjx,oo6YS7hgTxKxjLvP8TkeLDT88w5c981KHxhJ3j5nxUgcktZwq4k,transaction,applied,BLC6gxKq8U3wBXC7p9bp4kySPkCR23VECCbP4t11Vamvy1bSRRT,2022-09-30T08:30:29Z,0.000297,0.000298,tz1W1en9UpMCH4ZJL8wQCh8JDKCZARyVx2co,Everstake Payouts,tz1S1ayWDiHzmL6zFNnY1ivvUkEgDcH88cjx,IN,
ledger,nano:x-1:staking-1,tz1S1ayWDiHzmL6zFNnY1ivvUkEgDcH88cjx,oniESmSufXnp2nxyQRQcCRA1Exaii515eL5b2rkxYu8FNd2xPtv,transaction,applied,BMKBb3R91TQDHnKvFhcc6XBUpJNvGSByp3FJgzt73wwgLcEkKcm,2022-10-03T09:07:59Z,0.000296,0.000298,tz1W1en9UpMCH4ZJL8wQCh8JDKCZARyVx2co,Everstake Payouts,tz1S1ayWDiHzmL6zFNnY1ivvUkEgDcH88cjx,IN,
ledger,nano:x-1:staking-1,tz1S1ayWDiHzmL6zFNnY1ivvUkEgDcH88cjx,oo1VDgdojgmhDZNm6byZpdFoxbSUrXGKG2QqwWUip44mWP9ac1p,transaction,applied,BMW4NKas6MwJCQRow1gK6iAD2VK8qMmVxAQ3wBMESv67mnqDMuK,2022-10-05T17:01:29Z,0.000304,0.000298,tz1W1en9UpMCH4ZJL8wQCh8JDKCZARyVx2co,Everstake Payouts,tz1S1ayWDiHzmL6zFNnY1ivvUkEgDcH88cjx,IN,
ledger,nano:x-1:staking-1,tz1S1ayWDiHzmL6zFNnY1ivvUkEgDcH88cjx,oojc8G2tPRAMqPJkbxDbiNhs2ErymJVuGq3ASSmTT3BAGq5LswL,transaction,applied,BLDPynmzjZ8uPAAWFQnkcATt9bxWAnrvPpnC9jjsJSU4dBPyb3D,2022-10-09T18:53:29Z,0.000310,0.000298,tz1W1en9UpMCH4ZJL8wQCh8JDKCZARyVx2co,Everstake Payouts,tz1S1ayWDiHzmL6zFNnY1ivvUkEgDcH88cjx,IN,
ledger,nano:x-1:staking-1,tz1S1ayWDiHzmL6zFNnY1ivvUkEgDcH88cjx,ooAT8gcv4neajwwWVMMo6tUMPiW8pSm8s9QamPWy1hSoXxctWYZ,transaction,applied,BKsG8RDp4TRYiHwNysSohvnvRhAtAveWof41UoMC1T4jDiRdENw,2022-10-11T10:58:29Z,0.000305,0.000298,tz1W1en9UpMCH4ZJL8wQCh8JDKCZARyVx2co,Everstake Payouts,tz1S1ayWDiHzmL6zFNnY1ivvUkEgDcH88cjx,IN,
ledger,nano:x-1:staking-1,tz1S1ayWDiHzmL6zFNnY1ivvUkEgDcH88cjx,ooEkaaXR6yaFVdCt4G4xLpfxbQXXqsD1vSBHZwhodRMA4M7EpAW,transaction,applied,BLJre4fY1HTyYVC25ENveGBRsk11C7U898v1rh1QJCja96nRKgy,2022-10-14T08:36:59Z,0.000310,0.000298,tz1W1en9UpMCH4ZJL8wQCh8JDKCZARyVx2co,Everstake Payouts,tz1S1ayWDiHzmL6zFNnY1ivvUkEgDcH88cjx,IN,
ledger,nano:x-1:staking-1,tz1S1ayWDiHzmL6zFNnY1ivvUkEgDcH88cjx,ooLpxgnxR2uscGcPemsL285wyxA5DMbwRqBGAEcTP6mmk8Vgjoy,transaction,applied,BKtAbum3RsmyjVjsRV4Kq8VNRRgigR4hk7nbCyg8F4ZHi97G2e7,2022-10-17T07:56:14Z,0.000305,0.000298,tz1W1en9UpMCH4ZJL8wQCh8JDKCZARyVx2co,Everstake Payouts,tz1S1ayWDiHzmL6zFNnY1ivvUkEgDcH88cjx,IN,
ledger,nano:x-1:staking-1,tz1S1ayWDiHzmL6zFNnY1ivvUkEgDcH88cjx,oni3pAQ49A9fB6aEocZvK6CRngoCzMykH9a11c3mr9uZQdXChb8,transaction,applied,BMNM9v74hyV5DVJBPVWkTfN7HKdJtyFQEJmmg9QRyQ8F4NCA27Y,2022-10-20T08:21:44Z,0.000304,0.000298,tz1W1en9UpMCH4ZJL8wQCh8JDKCZARyVx2co,Everstake Payouts,tz1S1ayWDiHzmL6zFNnY1ivvUkEgDcH88cjx,IN,
ledger,nano:x-1:staking-1,tz1S1ayWDiHzmL6zFNnY1ivvUkEgDcH88cjx,op4CDrrnpx53okbTDTqnmgDz4WTu661X2GYymk8bLQkoWCS3JLo,transaction,applied,BLrV5FCqE7HXViqvwevEJstR5jS5UHEvLZj1MZP2qd1z89hWqD1,2022-10-21T07:53:29Z,0.429333,0.005500,tz1S1ayWDiHzmL6zFNnY1ivvUkEgDcH88cjx,,tz1Rx4cKtfFJdS3rS9aRXQZT2NGruiBDPz15,OUT,
ledger,nano:x-1:staking-1,tz1S1ayWDiHzmL6zFNnY1ivvUkEgDcH88cjx,opPVyurhovGAXpxw7vE6p9iDGt1pfBF22gkMxbnVdmhHRhAKQcF,transaction,applied,BL4KiJPciqFccuRvJgqTtDuNFj2sBcteMjKv452YrdiyRzn5bLD,2022-10-23T09:06:59Z,0.000312,0.000298,tz1W1en9UpMCH4ZJL8wQCh8JDKCZARyVx2co,Everstake Payouts,tz1S1ayWDiHzmL6zFNnY1ivvUkEgDcH88cjx,IN,
ledger,nano:x-1:staking-1,tz1S1ayWDiHzmL6zFNnY1ivvUkEgDcH88cjx,onxHtKFZbwRPnoizMSRxGdZY5iUnUgrqyvt5P82tZeH3LA1NoYT,transaction,applied,BMSt2ME1zZpToaWoq4gj3oYaGsRHv95zEn8JfNUVynFECSLvWJh,2022-10-25T16:03:44Z,0.000305,0.000298,tz1W1en9UpMCH4ZJL8wQCh8JDKCZARyVx2co,Everstake Payouts,tz1S1ayWDiHzmL6zFNnY1ivvUkEgDcH88cjx,IN,
ledger,nano:x-1:staking-1,tz1S1ayWDiHzmL6zFNnY1ivvUkEgDcH88cjx,opJq1GYTuiR1iW7ENpjpZpa9ioXVdKrjP1m4qasKXUQTukU5qbB,transaction,applied,BLYY141TdQeDULSgCvWFvNcJUQbEhw62aNpr5wwrxbDFhCfUoAa,2022-10-28T16:16:44Z,0.000302,0.000298,tz1W1en9UpMCH4ZJL8wQCh8JDKCZARyVx2co,Everstake Payouts,tz1S1ayWDiHzmL6zFNnY1ivvUkEgDcH88cjx,IN,
ledger,nano:x-1:staking-1,tz1S1ayWDiHzmL6zFNnY1ivvUkEgDcH88cjx,opKotXJa8PqSrK1rbzPEHTDR2tXjqw52rjfPeFSC5HpALYHMh35,transaction,applied,BLLMP9LNbEdTMRx29gdEzucqBDhKdhWmD9WibGCJszm93taDdWA,2022-10-31T09:57:29Z,0.000297,0.000298,tz1W1en9UpMCH4ZJL8wQCh8JDKCZARyVx2co,Everstake Payouts,tz1S1ayWDiHzmL6zFNnY1ivvUkEgDcH88cjx,IN,
ledger,nano:x-1:staking-1,tz1S1ayWDiHzmL6zFNnY1ivvUkEgDcH88cjx,oouiWgBjViUJFKrtnzehW3WAzWntcMyNoMuEViJecCBNZ7XaVyY,transaction,applied,BKyoZyafZSd9FwB96sMEr8kd15TBhTeMhxNEJpkaZbuxgoRLaK4,2022-11-03T20:29:44Z,0.000311,0.000298,tz1W1en9UpMCH4ZJL8wQCh8JDKCZARyVx2co,Everstake Payouts,tz1S1ayWDiHzmL6zFNnY1ivvUkEgDcH88cjx,IN,
ledger,nano:x-1:staking-1,tz1S1ayWDiHzmL6zFNnY1ivvUkEgDcH88cjx,ooJ6q7Hmxnn2CLSwJJcwtTNLGZLUA94uXgDjfaf1CqQ8GYosLJd,transaction,applied,BM2HLR82DBrquXovn5KmWTDWjHb6JsQukEmbUr9YxvhNaB3zsxx,2022-11-07T12:22:59Z,0.000304,0.000298,tz1W1en9UpMCH4ZJL8wQCh8JDKCZARyVx2co,Everstake Payouts,tz1S1ayWDiHzmL6zFNnY1ivvUkEgDcH88cjx,IN,
ledger,nano:x-1:staking-1,tz1S1ayWDiHzmL6zFNnY1ivvUkEgDcH88cjx,ooBdnEDAXjR7dNCA631WT7HpcaLqfhmhRTgthDEFd2C2jNsM8mh,transaction,applied,BMRVVti5X8LLvqPiMPZMomVSRpn2LS5Sx5xdToUEvEuDrtaZPGe,2022-11-09T09:29:29Z,0.000117,0.000298,tz1W1en9UpMCH4ZJL8wQCh8JDKCZARyVx2co,Everstake Payouts,tz1S1ayWDiHzmL6zFNnY1ivvUkEgDcH88cjx,IN,
ledger,nano:x-1:staking-1,tz1S1ayWDiHzmL6zFNnY1ivvUkEgDcH88cjx,oocRmzGwquWvyZWiru2HjDRQGKust4xeUFYBmbUHE4XMw8sfb8P,transaction,applied,BL5dNq5GsYJTxWrpkX9eWRw4nkPSnkadF5c1AAE8TZXeiJtZidh,2022-11-11T13:07:44Z,0.423833,0.005500,tz1Rx4cKtfFJdS3rS9aRXQZT2NGruiBDPz15,,tz1S1ayWDiHzmL6zFNnY1ivvUkEgDcH88cjx,IN,
ledger,nano:x-1:staking-1,tz1S1ayWDiHzmL6zFNnY1ivvUkEgDcH88cjx,opKGjYZnsCEj9KYTA5qhMyivXKXZpoWrmzanLG935vSZiuk8nXV,transaction,applied,BLpPSEV4EhzHhj6f4esEjfGAV33Vnp3bXdECsMeridiruPZdKpC,2022-11-11T22:14:29Z,0.000119,0.000298,tz1W1en9UpMCH4ZJL8wQCh8JDKCZARyVx2co,Everstake Payouts,tz1S1ayWDiHzmL6zFNnY1ivvUkEgDcH88cjx,IN,
ledger,nano:x-1:staking-1,tz1S1ayWDiHzmL6zFNnY1ivvUkEgDcH88cjx,onqGzqTPaMG845B6tzgtxxAsqQHZGm2YRNaUotncYNXouytmj7C,transaction,applied,BM6FA1HA7dQq4gEbo1tGywfUuax5DE594EnmJvRvY4LeQUGHozK,2022-11-15T09:01:44Z,0.000117,0.000298,tz1W1en9UpMCH4ZJL8wQCh8JDKCZARyVx2co,Everstake Payouts,tz1S1ayWDiHzmL6zFNnY1ivvUkEgDcH88cjx,IN,
ledger,nano:x-1:staking-1,tz1S1ayWDiHzmL6zFNnY1ivvUkEgDcH88cjx,onxJsvvT3soS2E2U9EdYYCXnUUr1xVYDDFeTur4uYLu5t7YGsC2,transaction,applied,BLxx6pS929A2Jy8CMewq23Jwa4cey6o3iYMED95H9GFw2GW8HXG,2022-11-17T16:37:44Z,0.000117,0.000298,tz1W1en9UpMCH4ZJL8wQCh8JDKCZARyVx2co,Everstake Payouts,tz1S1ayWDiHzmL6zFNnY1ivvUkEgDcH88cjx,IN,
ledger,nano:x-1:staking-1,tz1S1ayWDiHzmL6zFNnY1ivvUkEgDcH88cjx,onp2oAgfEEyJp5V731uA4CVCAgA1uSPRghz6vJ6FPaJ46BSJXJ8,transaction,applied,BMKeXiESrw4mJRH4gUAyz4VeTRWJWDYEXA8TKzGA3P6mvkD5CB4,2022-11-20T18:56:14Z,0.000131,0.000298,tz1W1en9UpMCH4ZJL8wQCh8JDKCZARyVx2co,Everstake Payouts,tz1S1ayWDiHzmL6zFNnY1ivvUkEgDcH88cjx,IN,
ledger,nano:x-1:staking-1,tz1S1ayWDiHzmL6zFNnY1ivvUkEgDcH88cjx,ooyHaftgGhroZ1x5BkzwiZbskbg9NrcfBiysry7ZWfzFRyZq82K,transaction,applied,BLKgZVvFnus7pGApdUrz7yUmzG5UMGyqvW4cZSor1fqzFB91pQk,2022-11-23T09:17:29Z,0.000126,0.000298,tz1W1en9UpMCH4ZJL8wQCh8JDKCZARyVx2co,Everstake Payouts,tz1S1ayWDiHzmL6zFNnY1ivvUkEgDcH88cjx,IN,
ledger,nano:x-1:staking-1,tz1S1ayWDiHzmL6zFNnY1ivvUkEgDcH88cjx,onz6DhuNWEnsWfJNEznpg4WGv3phaRK2228aAr3jgWHnFDjxDmR,transaction,applied,BLd3m2v8abZUJZV4T2XACmiAs7xuyvVH5NF4FegeS9WcyMsDz1Y,2022-11-26T11:09:14Z,0.000119,0.000298,tz1W1en9UpMCH4ZJL8wQCh8JDKCZARyVx2co,Everstake Payouts,tz1S1ayWDiHzmL6zFNnY1ivvUkEgDcH88cjx,IN,
ledger,nano:x-1:staking-1,tz1S1ayWDiHzmL6zFNnY1ivvUkEgDcH88cjx,ooW6USfmWqU8F9PBMFsnAP3p9X2S4qnaTH8Zoo381r2Xnc6KPZN,transaction,applied,BMbGHGtuD3x8RZM9rKEQGuq3GoBK7hWNwwdGDZoUSj9zQk8EPiJ,2022-11-29T09:08:44Z,0.000121,0.000298,tz1W1en9UpMCH4ZJL8wQCh8JDKCZARyVx2co,Everstake Payouts,tz1S1ayWDiHzmL6zFNnY1ivvUkEgDcH88cjx,IN,
ledger,nano:x-1:staking-1,tz1S1ayWDiHzmL6zFNnY1ivvUkEgDcH88cjx,opKSeW42S4No2Uo7DjAnU4mAPp8K4C6NJEqKGvT1Jw8Gx8N4qHQ,transaction,applied,BKkz1nxhg82UyBvcJwjdszM3koZnMBNQtfmfyDjRsJd1mtgmAwm,2022-12-02T11:46:29Z,0.000292,0.000298,tz1W1en9UpMCH4ZJL8wQCh8JDKCZARyVx2co,Everstake Payouts,tz1S1ayWDiHzmL6zFNnY1ivvUkEgDcH88cjx,IN,
ledger,nano:x-1:staking-1,tz1S1ayWDiHzmL6zFNnY1ivvUkEgDcH88cjx,onhv6MQBYaXR91sioZZKjY8NkKDKcNJqCGT2c3p1wD1bYFhYnTf,transaction,applied,BLX7v2YrVRE2a4qjUhXkosjdpmdTLwj8i8PmGVYNzPG3Xc7E2yc,2022-12-04T21:11:59Z,0.000298,0.000298,tz1W1en9UpMCH4ZJL8wQCh8JDKCZARyVx2co,Everstake Payouts,tz1S1ayWDiHzmL6zFNnY1ivvUkEgDcH88cjx,IN,
ledger,nano:x-1:staking-1,tz1S1ayWDiHzmL6zFNnY1ivvUkEgDcH88cjx,ooHaDGkLdTcLUq11peiwMkqojnRoVAB7RZHWyJjyxqeCdmjcm4q,transaction,applied,BKrUjy7kyFbjTqBDqcT25wm8ywpuDRUrCCto3RxhwFqv75dpwqv,2022-12-05T11:18:14Z,0.421721,0.005500,tz1S1ayWDiHzmL6zFNnY1ivvUkEgDcH88cjx,,tz1W1en9UpMCH4ZJL8wQCh8JDKCZARyVx2co,OUT,
ledger,nano:x-1:staking-1,tz1S1ayWDiHzmL6zFNnY1ivvUkEgDcH88cjx,opPtzCLj1wSyxkkqvdyoA3pq6W7aMEaxiHq8eUKZ3JzwJt6TC8S,transaction,applied,BLy9cW2vytn1jbcpJ35vkuTUpbTSsUURaXW3rVHMwQsEgLN5zcu,2022-12-07T16:40:29Z,0.000317,0.000298,tz1W1en9UpMCH4ZJL8wQCh8JDKCZARyVx2co,Everstake Payouts,tz1S1ayWDiHzmL6zFNnY1ivvUkEgDcH88cjx,IN,
ledger,nano:x-1:staking-1,tz1S1ayWDiHzmL6zFNnY1ivvUkEgDcH88cjx,ooetkLJjkBfWEEFRBoXMLpUd7ecEppf7pT5jCqtavoSBH5cdXkR,transaction,applied,BKmUB74M1xLvM7EDJiZtsSuxVe5WbM1iCxMXjwskrpTZ8iURE92,2022-12-10T13:06:59Z,0.000280,0.000298,tz1W1en9UpMCH4ZJL8wQCh8JDKCZARyVx2co,Everstake Payouts,tz1S1ayWDiHzmL6zFNnY1ivvUkEgDcH88cjx,IN,
ledger,nano:x-1:staking-1,tz1S1ayWDiHzmL6zFNnY1ivvUkEgDcH88cjx,opD2JU2j6qns92BTVRupAGuTy2PsgEfwPybuRMyaBatpkhtGmkR,delegation,applied,BL5PFpYgm2DVhRTkgiCNCW4db8LWaShrz2AccVGqpGfRnnttEhy,2022-12-13T12:25:14Z,0.270097,0.005500,tz1S1ayWDiHzmL6zFNnY1ivvUkEgDcH88cjx,,,OUT,
ledger,nano:x-1:staking-1,tz1S1ayWDiHzmL6zFNnY1ivvUkEgDcH88cjx,ooXa7ksKoa3RB7WFSD6qYuwpC96K1DDkkRv6Rg2Zis6ezDxF9QC,transaction,applied,BMYE3xkqHuBnBKa2JycLmVo9bKKgn9qbpomVNdHqtjS23rgzRxH,2022-12-13T23:39:29Z,0.000279,0.000298,tz1W1en9UpMCH4ZJL8wQCh8JDKCZARyVx2co,Everstake Payouts,tz1S1ayWDiHzmL6zFNnY1ivvUkEgDcH88cjx,IN,
ledger,nano:x-1:staking-1,tz1S1ayWDiHzmL6zFNnY1ivvUkEgDcH88cjx,ooJcDQ5vpsNwFVjCZp7ftGuaF1E5L2kmodEWAqRZDVnbCFkuX2b,transaction,applied,BMB4eWvGUx95DsiYYusaVefLVTP2oVFxF4BYHPf3wbSXH3e9kxP,2022-12-16T20:12:44Z,0.000286,0.000298,tz1W1en9UpMCH4ZJL8wQCh8JDKCZARyVx2co,Everstake Payouts,tz1S1ayWDiHzmL6zFNnY1ivvUkEgDcH88cjx,IN,
ledger,nano:x-1:staking-1,tz1S1ayWDiHzmL6zFNnY1ivvUkEgDcH88cjx,opW3U9BNhDnwTNh9nJTcR58XJWuxJAoGYBnBtV7frPiH7jkiksh,transaction,applied,BL36RiNgmkPnb5dyhTyFW9bsSmRfjQJfR6fb8v1frMwLZztcGkv,2022-12-19T10:49:59Z,0.000288,0.000298,tz1W1en9UpMCH4ZJL8wQCh8JDKCZARyVx2co,Everstake Payouts,tz1S1ayWDiHzmL6zFNnY1ivvUkEgDcH88cjx,IN,
ledger,nano:x-1:staking-1,tz1S1ayWDiHzmL6zFNnY1ivvUkEgDcH88cjx,ooHmBUy41JSP9AeDeVcjVbXTHmB7C59MxchtbPZCbo4HJgCkjAB,transaction,applied,BLijn1EwX1daqoQm4rh8gLZMacPKYAXLeS3P3BkS214tZGYtSA7,2022-12-22T20:33:59Z,0.000277,0.000298,tz1W1en9UpMCH4ZJL8wQCh8JDKCZARyVx2co,Everstake Payouts,tz1S1ayWDiHzmL6zFNnY1ivvUkEgDcH88cjx,IN,
ledger,nano:x-1:staking-1,tz1S1ayWDiHzmL6zFNnY1ivvUkEgDcH88cjx,ooLSRQNQPbcjDj1UhVZ3HAXhx1XwJfYULP6TM1fMdjAxsnK1wpf,transaction,applied,BMFiKrvYVh51deEXAVws15ZzTyxYThCAzxSMW9EM84WbwRYogAn,2022-12-25T09:34:59Z,0.000105,0.000298,tz1W1en9UpMCH4ZJL8wQCh8JDKCZARyVx2co,Everstake Payouts,tz1S1ayWDiHzmL6zFNnY1ivvUkEgDcH88cjx,IN,
ledger,nano:x-1:staking-1,tz1S1ayWDiHzmL6zFNnY1ivvUkEgDcH88cjx,ooBhK56jQDBqkMhr5zAU69tfpfvqVsDyabxdMdJ6p7EgEMvtDxj,transaction,applied,BL8f46oPigTj7gGRd4obcRUB1VXX5Qi2Ak3Gri7QvWtE9xRcnQa,2022-12-28T07:15:29Z,0.000109,0.000298,tz1W1en9UpMCH4ZJL8wQCh8JDKCZARyVx2co,Everstake Payouts,tz1S1ayWDiHzmL6zFNnY1ivvUkEgDcH88cjx,IN,
ledger,nano:x-1:staking-1,tz1S1ayWDiHzmL6zFNnY1ivvUkEgDcH88cjx,ooRKmEuvLDwbq37nUKUBWubg3dz26vDAzCRFn2okm8Mo3tisE7N,transaction,applied,BLA9EiHudGHBMC8uhiGFEMS33wgNs3tgBeQtDES2x8XfS3oSu6X,2022-12-30T20:11:59Z,0.000107,0.000298,tz1W1en9UpMCH4ZJL8wQCh8JDKCZARyVx2co,Everstake Payouts,tz1S1ayWDiHzmL6zFNnY1ivvUkEgDcH88cjx,IN,
