account_name,subaccount_name,subaccount_address,id,fee,receiver_rewards,round_time,sender,sender_rewards,tx_type,amount,receiver,direction,to_self
pera-wallet,phone:mobile-1,55YXQ2AC7PUOOYIWUFIOGFZ7M5CBWFUDOIT7L3FMZVE7HGC3IKABL7HVOE,2DLH4RB45YOZGCKXMJQYTRHXI5HXPYRZ2N75Z4A3BRAM5GJ2AW5Q,0.001,0,2024-01-27 10:23:33,5ZTFAAE5XSZXQSE2VSYNP2IDQTODCAWJD5YXMPIRYRDVKE3XZSL7FXHCSU,0,pay,0.000100,55YXQ2AC7PUOOYIWUFIOGFZ7M5CBWFUDOIT7L3FMZVE7HGC3IKABL7HVOE,IN,false
pera-wallet,phone:mobile-1,55YXQ2AC7PUOOYIWUFIOGFZ7M5CBWFUDOIT7L3FMZVE7HGC3IKABL7HVOE,2DLH4RB45YOZGCKXMJQYTRHXI5HXPYRZ2N75Z4A3BRAM5GJ2AW5Q,0,0.000000,2024-01-27 10:23:33,5ZTFAAE5XSZXQSE2VSYNP2IDQTODCAWJD5YXMPIRYRDVKE3XZSL7FXHCSU,0.000000,pay,0,55YXQ2AC7PUOOYIWUFIOGFZ7M5CBWFUDOIT7L3FMZVE7HGC3IKABL7HVOE,IN,false
pera-wallet,phone:mobile-1,55YXQ2AC7PUOOYIWUFIOGFZ7M5CBWFUDOIT7L3FMZVE7HGC3IKABL7HVOE,3TNFEXXT7FJJAT2EBY3M4UJQTC2SGBSNXL2FJJOUQYVROY6EUYFA,0,0,2024-01-27 10:04:03,OLDMLHGAS3QPO77ZSBOR6YKDDNYDZ7A5MQ55MKJZZYZEC4JPXYNIQDMUVI,0,pay,4.756117,55YXQ2AC7PUOOYIWUFIOGFZ7M5CBWFUDOIT7L3FMZVE7HGC3IKABL7HVOE,IN,false
pera-wallet,phone:mobile-1,55YXQ2AC7PUOOYIWUFIOGFZ7M5CBWFUDOIT7L3FMZVE7HGC3IKABL7HVOE,3TNFEXXT7FJJAT2EBY3M4UJQTC2SGBSNXL2FJJOUQYVROY6EUYFA,0,0.000000,2024-01-27 10:04:03,OLDMLHGAS3QPO77ZSBOR6YKDDNYDZ7A5MQ55MKJZZYZEC4JPXYNIQDMUVI,0.000000,pay,0,55YXQ2AC7PUOOYIWUFIOGFZ7M5CBWFUDOIT7L3FMZVE7HGC3IKABL7HVOE,IN,false
pera-wallet,phone:mobile-1,55YXQ2AC7PUOOYIWUFIOGFZ7M5CBWFUDOIT7L3FMZVE7HGC3IKABL7HVOE,FBEIEOLGIPJPCB5QF5LB6U5POUGHHVEFW3ZB74IPCISSAYEYE5CQ,0.002,0,2024-01-27 10:04:03,55YXQ2AC7PUOOYIWUFIOGFZ7M5CBWFUDOIT7L3FMZVE7HGC3IKABL7HVOE,0,appl,0.000000,,OUT,false
pera-wallet,phone:mobile-1,55YXQ2AC7PUOOYIWUFIOGFZ7M5CBWFUDOIT7L3FMZVE7HGC3IKABL7HVOE,FBEIEOLGIPJPCB5QF5LB6U5POUGHHVEFW3ZB74IPCISSAYEYE5CQ,0,0.000000,2024-01-27 10:04:03,55YXQ2AC7PUOOYIWUFIOGFZ7M5CBWFUDOIT7L3FMZVE7HGC3IKABL7HVOE,0.000000,appl,0,,OUT,false
pera-wallet,phone:mobile-1,55YXQ2AC7PUOOYIWUFIOGFZ7M5CBWFUDOIT7L3FMZVE7HGC3IKABL7HVOE,GFFDCXB4ZJSWRYABMMABTO4ZXNVFK2S3W7DC3YUKYVFJOXFRCIAQ,0.001,0,2024-01-27 07:41:12,WARN666I6ITOTBIFMYOOYDAT2JA63QQO2Y6MJCNER5YAF4L6MQO7W6SCAM,0,pay,0.000013,55YXQ2AC7PUOOYIWUFIOGFZ7M5CBWFUDOIT7L3FMZVE7HGC3IKABL7HVOE,IN,false
pera-wallet,phone:mobile-1,55YXQ2AC7PUOOYIWUFIOGFZ7M5CBWFUDOIT7L3FMZVE7HGC3IKABL7HVOE,GFFDCXB4ZJSWRYABMMABTO4ZXNVFK2S3W7DC3YUKYVFJOXFRCIAQ,0,0.000000,2024-01-27 07:41:12,WARN666I6ITOTBIFMYOOYDAT2JA63QQO2Y6MJCNER5YAF4L6MQO7W6SCAM,0.000000,pay,0,55YXQ2AC7PUOOYIWUFIOGFZ7M5CBWFUDOIT7L3FMZVE7HGC3IKABL7HVOE,IN,false
pera-wallet,phone:mobile-1,55YXQ2AC7PUOOYIWUFIOGFZ7M5CBWFUDOIT7L3FMZVE7HGC3IKABL7HVOE,VQYWYD7E4FKCWYSNAYSN62FYLKTR4542NSVGMEUJY65JJ73RKYUA,0.001,0,2024-01-27 07:41:06,5ZTFAAE5XSZXQSE2VSYNP2IDQTODCAWJD5YXMPIRYRDVKE3XZSL7FXHCSU,0,pay,0.000100,55YXQ2AC7PUOOYIWUFIOGFZ7M5CBWFUDOIT7L3FMZVE7HGC3IKABL7HVOE,IN,false
pera-wallet,phone:mobile-1,55YXQ2AC7PUOOYIWUFIOGFZ7M5CBWFUDOIT7L3FMZVE7HGC3IKABL7HVOE,VQYWYD7E4FKCWYSNAYSN62FYLKTR4542NSVGMEUJY65JJ73RKYUA,0,0.000000,2024-01-27 07:41:06,5ZTFAAE5XSZXQSE2VSYNP2IDQTODCAWJD5YXMPIRYRDVKE3XZSL7FXHCSU,0.000000,pay,0,55YXQ2AC7PUOOYIWUFIOGFZ7M5CBWFUDOIT7L3FMZVE7HGC3IKABL7HVOE,IN,false
pera-wallet,phone:mobile-1,55YXQ2AC7PUOOYIWUFIOGFZ7M5CBWFUDOIT7L3FMZVE7HGC3IKABL7HVOE,VZ4ODIB2P7PGQEF6LC3HTYSPL5YG47IWMAXELZPCRLYRZJZLCTAQ,0.001,0,2024-01-27 04:58:36,5ZTFAAE5XSZXQSE2VSYNP2IDQTODCAWJD5YXMPIRYRDVKE3XZSL7FXHCSU,0,pay,0.000100,55YXQ2AC7PUOOYIWUFIOGFZ7M5CBWFUDOIT7L3FMZVE7HGC3IKABL7HVOE,IN,false
pera-wallet,phone:mobile-1,55YXQ2AC7PUOOYIWUFIOGFZ7M5CBWFUDOIT7L3FMZVE7HGC3IKABL7HVOE,VZ4ODIB2P7PGQEF6LC3HTYSPL5YG47IWMAXELZPCRLYRZJZLCTAQ,0,0.000000,2024-01-27 04:58:36,5ZTFAAE5XSZXQSE2VSYNP2IDQTODCAWJD5YXMPIRYRDVKE3XZSL7FXHCSU,0.000000,pay,0,55YXQ2AC7PUOOYIWUFIOGFZ7M5CBWFUDOIT7L3FMZVE7HGC3IKABL7HVOE,IN,false
pera-wallet,phone:mobile-1,55YXQ2AC7PUOOYIWUFIOGFZ7M5CBWFUDOIT7L3FMZVE7HGC3IKABL7HVOE,2P7HGP2K4XP2GH6LRJAFAADOTHRT72Y6N72FKMLZCQR5IUMODASQ,0.001,0,2024-01-27 02:16:23,WARN666I6ITOTBIFMYOOYDAT2JA63QQO2Y6MJCNER5YAF4L6MQO7W6SCAM,0,pay,0.000013,55YXQ2AC7PUOOYIWUFIOGFZ7M5CBWFUDOIT7L3FMZVE7HGC3IKABL7HVOE,IN,false
pera-wallet,phone:mobile-1,55YXQ2AC7PUOOYIWUFIOGFZ7M5CBWFUDOIT7L3FMZVE7HGC3IKABL7HVOE,2P7HGP2K4XP2GH6LRJAFAADOTHRT72Y6N72FKMLZCQR5IUMODASQ,0,0.000000,2024-01-27 02:16:23,WARN666I6ITOTBIFMYOOYDAT2JA63QQO2Y6MJCNER5YAF4L6MQO7W6SCAM,0.000000,pay,0,55YXQ2AC7PUOOYIWUFIOGFZ7M5CBWFUDOIT7L3FMZVE7HGC3IKABL7HVOE,IN,false
pera-wallet,phone:mobile-1,55YXQ2AC7PUOOYIWUFIOGFZ7M5CBWFUDOIT7L3FMZVE7HGC3IKABL7HVOE,UPPP54G4ZLA5ILCTUTMW564ZCY4KQJ33YDDK6666RC6GIFZR4VLA,0.001,0,2024-01-27 02:16:18,5ZTFAAE5XSZXQSE2VSYNP2IDQTODCAWJD5YXMPIRYRDVKE3XZSL7FXHCSU,0,pay,0.000100,55YXQ2AC7PUOOYIWUFIOGFZ7M5CBWFUDOIT7L3FMZVE7HGC3IKABL7HVOE,IN,false
pera-wallet,phone:mobile-1,55YXQ2AC7PUOOYIWUFIOGFZ7M5CBWFUDOIT7L3FMZVE7HGC3IKABL7HVOE,UPPP54G4ZLA5ILCTUTMW564ZCY4KQJ33YDDK6666RC6GIFZR4VLA,0,0.000000,2024-01-27 02:16:18,5ZTFAAE5XSZXQSE2VSYNP2IDQTODCAWJD5YXMPIRYRDVKE3XZSL7FXHCSU,0.000000,pay,0,55YXQ2AC7PUOOYIWUFIOGFZ7M5CBWFUDOIT7L3FMZVE7HGC3IKABL7HVOE,IN,false
pera-wallet,phone:mobile-1,55YXQ2AC7PUOOYIWUFIOGFZ7M5CBWFUDOIT7L3FMZVE7HGC3IKABL7HVOE,YM4O3HKNY6QI4M4GR62J32QJYK5D7M74E47SMFJGOCV6BP66TOHA,0.001,0,2024-01-26 23:33:48,5ZTFAAE5XSZXQSE2VSYNP2IDQTODCAWJD5YXMPIRYRDVKE3XZSL7FXHCSU,0,pay,0.000100,55YXQ2AC7PUOOYIWUFIOGFZ7M5CBWFUDOIT7L3FMZVE7HGC3IKABL7HVOE,IN,false
pera-wallet,phone:mobile-1,55YXQ2AC7PUOOYIWUFIOGFZ7M5CBWFUDOIT7L3FMZVE7HGC3IKABL7HVOE,YM4O3HKNY6QI4M4GR62J32QJYK5D7M74E47SMFJGOCV6BP66TOHA,0,0.000000,2024-01-26 23:33:48,5ZTFAAE5XSZXQSE2VSYNP2IDQTODCAWJD5YXMPIRYRDVKE3XZSL7FXHCSU,0.000000,pay,0,55YXQ2AC7PUOOYIWUFIOGFZ7M5CBWFUDOIT7L3FMZVE7HGC3IKABL7HVOE,IN,false
pera-wallet,phone:mobile-1,55YXQ2AC7PUOOYIWUFIOGFZ7M5CBWFUDOIT7L3FMZVE7HGC3IKABL7HVOE,NQW3RSHA3LANTBY57YNKP3MPTVEIIJ4OSZOOGVQ7V2ZLTBMJJBNA,0.001,0,2024-01-26 20:51:29,WARN666I6ITOTBIFMYOOYDAT2JA63QQO2Y6MJCNER5YAF4L6MQO7W6SCAM,0,pay,0.000013,55YXQ2AC7PUOOYIWUFIOGFZ7M5CBWFUDOIT7L3FMZVE7HGC3IKABL7HVOE,IN,false
pera-wallet,phone:mobile-1,55YXQ2AC7PUOOYIWUFIOGFZ7M5CBWFUDOIT7L3FMZVE7HGC3IKABL7HVOE,NQW3RSHA3LANTBY57YNKP3MPTVEIIJ4OSZOOGVQ7V2ZLTBMJJBNA,0,0.000000,2024-01-26 20:51:29,WARN666I6ITOTBIFMYOOYDAT2JA63QQO2Y6MJCNER5YAF4L6MQO7W6SCAM,0.000000,pay,0,55YXQ2AC7PUOOYIWUFIOGFZ7M5CBWFUDOIT7L3FMZVE7HGC3IKABL7HVOE,IN,false
pera-wallet,phone:mobile-1,55YXQ2AC7PUOOYIWUFIOGFZ7M5CBWFUDOIT7L3FMZVE7HGC3IKABL7HVOE,PZ2IHNWDMLPBNNJMEKIYHZD3SXHUQABLLQUWIGK4GFXUCNTCBQUA,0.001,0,2024-01-26 20:51:23,5ZTFAAE5XSZXQSE2VSYNP2IDQTODCAWJD5YXMPIRYRDVKE3XZSL7FXHCSU,0,pay,0.000100,55YXQ2AC7PUOOYIWUFIOGFZ7M5CBWFUDOIT7L3FMZVE7HGC3IKABL7HVOE,IN,false
pera-wallet,phone:mobile-1,55YXQ2AC7PUOOYIWUFIOGFZ7M5CBWFUDOIT7L3FMZVE7HGC3IKABL7HVOE,PZ2IHNWDMLPBNNJMEKIYHZD3SXHUQABLLQUWIGK4GFXUCNTCBQUA,0,0.000000,2024-01-26 20:51:23,5ZTFAAE5XSZXQSE2VSYNP2IDQTODCAWJD5YXMPIRYRDVKE3XZSL7FXHCSU,0.000000,pay,0,55YXQ2AC7PUOOYIWUFIOGFZ7M5CBWFUDOIT7L3FMZVE7HGC3IKABL7HVOE,IN,false
pera-wallet,phone:mobile-1,55YXQ2AC7PUOOYIWUFIOGFZ7M5CBWFUDOIT7L3FMZVE7HGC3IKABL7HVOE,PP2DQ2ZZXEGDVHZSU6YMZ64FCBSI37C7DGS2S6RGKW3KBGK6CN7Q,0.001,0,2024-01-26 18:09:07,5ZTFAAE5XSZXQSE2VSYNP2IDQTODCAWJD5YXMPIRYRDVKE3XZSL7FXHCSU,0,pay,0.000100,55YXQ2AC7PUOOYIWUFIOGFZ7M5CBWFUDOIT7L3FMZVE7HGC3IKABL7HVOE,IN,false
pera-wallet,phone:mobile-1,55YXQ2AC7PUOOYIWUFIOGFZ7M5CBWFUDOIT7L3FMZVE7HGC3IKABL7HVOE,PP2DQ2ZZXEGDVHZSU6YMZ64FCBSI37C7DGS2S6RGKW3KBGK6CN7Q,0,0.000000,2024-01-26 18:09:07,5ZTFAAE5XSZXQSE2VSYNP2IDQTODCAWJD5YXMPIRYRDVKE3XZSL7FXHCSU,0.000000,pay,0,55YXQ2AC7PUOOYIWUFIOGFZ7M5CBWFUDOIT7L3FMZVE7HGC3IKABL7HVOE,IN,false
pera-wallet,phone:mobile-1,55YXQ2AC7PUOOYIWUFIOGFZ7M5CBWFUDOIT7L3FMZVE7HGC3IKABL7HVOE,USBDNKHUL7WRPMELW3CMV6CPKXKO4APGGUVQWBNIQ2JNJEBYRPVA,0.001,0,2024-01-26 15:26:31,WARN666I6ITOTBIFMYOOYDAT2JA63QQO2Y6MJCNER5YAF4L6MQO7W6SCAM,0,pay,0.000013,55YXQ2AC7PUOOYIWUFIOGFZ7M5CBWFUDOIT7L3FMZVE7HGC3IKABL7HVOE,IN,false
pera-wallet,phone:mobile-1,55YXQ2AC7PUOOYIWUFIOGFZ7M5CBWFUDOIT7L3FMZVE7HGC3IKABL7HVOE,USBDNKHUL7WRPMELW3CMV6CPKXKO4APGGUVQWBNIQ2JNJEBYRPVA,0,0.000000,2024-01-26 15:26:31,WARN666I6ITOTBIFMYOOYDAT2JA63QQO2Y6MJCNER5YAF4L6MQO7W6SCAM,0.000000,pay,0,55YXQ2AC7PUOOYIWUFIOGFZ7M5CBWFUDOIT7L3FMZVE7HGC3IKABL7HVOE,IN,false
pera-wallet,phone:mobile-1,55YXQ2AC7PUOOYIWUFIOGFZ7M5CBWFUDOIT7L3FMZVE7HGC3IKABL7HVOE,DYH6237D5SFLYF3CFLBUG64GWCPL7WQ2UZSOX2OZMGQNKPZSYFDQ,0.001,0,2024-01-26 15:26:26,5ZTFAAE5XSZXQSE2VSYNP2IDQTODCAWJD5YXMPIRYRDVKE3XZSL7FXHCSU,0,pay,0.000100,55YXQ2AC7PUOOYIWUFIOGFZ7M5CBWFUDOIT7L3FMZVE7HGC3IKABL7HVOE,IN,false
pera-wallet,phone:mobile-1,55YXQ2AC7PUOOYIWUFIOGFZ7M5CBWFUDOIT7L3FMZVE7HGC3IKABL7HVOE,DYH6237D5SFLYF3CFLBUG64GWCPL7WQ2UZSOX2OZMGQNKPZSYFDQ,0,0.000000,2024-01-26 15:26:26,5ZTFAAE5XSZXQSE2VSYNP2IDQTODCAWJD5YXMPIRYRDVKE3XZSL7FXHCSU,0.000000,pay,0,55YXQ2AC7PUOOYIWUFIOGFZ7M5CBWFUDOIT7L3FMZVE7HGC3IKABL7HVOE,IN,false
pera-wallet,phone:mobile-1,55YXQ2AC7PUOOYIWUFIOGFZ7M5CBWFUDOIT7L3FMZVE7HGC3IKABL7HVOE,J2DVVTR6QVV6SN74OOG3HYBKCUXA2FPL43PXYXZDHWL73WYVPALA,0.001,0,2024-01-26 12:43:48,5ZTFAAE5XSZXQSE2VSYNP2IDQTODCAWJD5YXMPIRYRDVKE3XZSL7FXHCSU,0,pay,0.000100,55YXQ2AC7PUOOYIWUFIOGFZ7M5CBWFUDOIT7L3FMZVE7HGC3IKABL7HVOE,IN,false
pera-wallet,phone:mobile-1,55YXQ2AC7PUOOYIWUFIOGFZ7M5CBWFUDOIT7L3FMZVE7HGC3IKABL7HVOE,J2DVVTR6QVV6SN74OOG3HYBKCUXA2FPL43PXYXZDHWL73WYVPALA,0,0.000000,2024-01-26 12:43:48,5ZTFAAE5XSZXQSE2VSYNP2IDQTODCAWJD5YXMPIRYRDVKE3XZSL7FXHCSU,0.000000,pay,0,55YXQ2AC7PUOOYIWUFIOGFZ7M5CBWFUDOIT7L3FMZVE7HGC3IKABL7HVOE,IN,false
pera-wallet,phone:mobile-1,55YXQ2AC7PUOOYIWUFIOGFZ7M5CBWFUDOIT7L3FMZVE7HGC3IKABL7HVOE,ZKSGV2S5AMNNFF6LONQ24MCDQ7WDLGWBHLGLYDEHYFLF2GE5SPIQ,0.001,0,2024-01-26 09:13:13,WARN666I6ITOTBIFMYOOYDAT2JA63QQO2Y6MJCNER5YAF4L6MQO7W6SCAM,0,pay,0.000013,55YXQ2AC7PUOOYIWUFIOGFZ7M5CBWFUDOIT7L3FMZVE7HGC3IKABL7HVOE,IN,false
pera-wallet,phone:mobile-1,55YXQ2AC7PUOOYIWUFIOGFZ7M5CBWFUDOIT7L3FMZVE7HGC3IKABL7HVOE,ZKSGV2S5AMNNFF6LONQ24MCDQ7WDLGWBHLGLYDEHYFLF2GE5SPIQ,0,0.000000,2024-01-26 09:13:13,WARN666I6ITOTBIFMYOOYDAT2JA63QQO2Y6MJCNER5YAF4L6MQO7W6SCAM,0.000000,pay,0,55YXQ2AC7PUOOYIWUFIOGFZ7M5CBWFUDOIT7L3FMZVE7HGC3IKABL7HVOE,IN,false
pera-wallet,phone:mobile-1,55YXQ2AC7PUOOYIWUFIOGFZ7M5CBWFUDOIT7L3FMZVE7HGC3IKABL7HVOE,YHWGXW4UUO5V5E3HS4HYGS3SUT6AYFVXRJOQ5MSLLO5HCNRKNI4A,0.001,0,2024-01-26 09:13:06,5ZTFAAE5XSZXQSE2VSYNP2IDQTODCAWJD5YXMPIRYRDVKE3XZSL7FXHCSU,0,pay,0.000100,55YXQ2AC7PUOOYIWUFIOGFZ7M5CBWFUDOIT7L3FMZVE7HGC3IKABL7HVOE,IN,false
pera-wallet,phone:mobile-1,55YXQ2AC7PUOOYIWUFIOGFZ7M5CBWFUDOIT7L3FMZVE7HGC3IKABL7HVOE,YHWGXW4UUO5V5E3HS4HYGS3SUT6AYFVXRJOQ5MSLLO5HCNRKNI4A,0,0.000000,2024-01-26 09:13:06,5ZTFAAE5XSZXQSE2VSYNP2IDQTODCAWJD5YXMPIRYRDVKE3XZSL7FXHCSU,0.000000,pay,0,55YXQ2AC7PUOOYIWUFIOGFZ7M5CBWFUDOIT7L3FMZVE7HGC3IKABL7HVOE,IN,false
pera-wallet,phone:mobile-1,55YXQ2AC7PUOOYIWUFIOGFZ7M5CBWFUDOIT7L3FMZVE7HGC3IKABL7HVOE,JKJ6GOECEGCCRKKFU2CNKOL3TY3QKPWFSTMQZDZOXIYAFBHYUBXA,0.001,0,2024-01-26 06:30:25,5ZTFAAE5XSZXQSE2VSYNP2IDQTODCAWJD5YXMPIRYRDVKE3XZSL7FXHCSU,0,pay,0.000100,55YXQ2AC7PUOOYIWUFIOGFZ7M5CBWFUDOIT7L3FMZVE7HGC3IKABL7HVOE,IN,false
pera-wallet,phone:mobile-1,55YXQ2AC7PUOOYIWUFIOGFZ7M5CBWFUDOIT7L3FMZVE7HGC3IKABL7HVOE,JKJ6GOECEGCCRKKFU2CNKOL3TY3QKPWFSTMQZDZOXIYAFBHYUBXA,0,0.000000,2024-01-26 06:30:25,5ZTFAAE5XSZXQSE2VSYNP2IDQTODCAWJD5YXMPIRYRDVKE3XZSL7FXHCSU,0.000000,pay,0,55YXQ2AC7PUOOYIWUFIOGFZ7M5CBWFUDOIT7L3FMZVE7HGC3IKABL7HVOE,IN,false
pera-wallet,phone:mobile-1,55YXQ2AC7PUOOYIWUFIOGFZ7M5CBWFUDOIT7L3FMZVE7HGC3IKABL7HVOE,5CW7DVJVB7BC6NWZUHBXRRAH6GLMVHCQ2ZUSKIE54WUVXSGU2MIA,0.001,0,2024-01-26 03:47:20,WARN666I6ITOTBIFMYOOYDAT2JA63QQO2Y6MJCNER5YAF4L6MQO7W6SCAM,0,pay,0.000013,55YXQ2AC7PUOOYIWUFIOGFZ7M5CBWFUDOIT7L3FMZVE7HGC3IKABL7HVOE,IN,false
pera-wallet,phone:mobile-1,55YXQ2AC7PUOOYIWUFIOGFZ7M5CBWFUDOIT7L3FMZVE7HGC3IKABL7HVOE,5CW7DVJVB7BC6NWZUHBXRRAH6GLMVHCQ2ZUSKIE54WUVXSGU2MIA,0,0.000000,2024-01-26 03:47:20,WARN666I6ITOTBIFMYOOYDAT2JA63QQO2Y6MJCNER5YAF4L6MQO7W6SCAM,0.000000,pay,0,55YXQ2AC7PUOOYIWUFIOGFZ7M5CBWFUDOIT7L3FMZVE7HGC3IKABL7HVOE,IN,false
pera-wallet,phone:mobile-1,55YXQ2AC7PUOOYIWUFIOGFZ7M5CBWFUDOIT7L3FMZVE7HGC3IKABL7HVOE,G4YCMD3TSAEPHLXI725RCBYKVMGGA6NUQJ4MCS3JIKDUBAVFFQFQ,0.001,0,2024-01-26 03:47:12,5ZTFAAE5XSZXQSE2VSYNP2IDQTODCAWJD5YXMPIRYRDVKE3XZSL7FXHCSU,0,pay,0.000100,55YXQ2AC7PUOOYIWUFIOGFZ7M5CBWFUDOIT7L3FMZVE7HGC3IKABL7HVOE,IN,false
pera-wallet,phone:mobile-1,55YXQ2AC7PUOOYIWUFIOGFZ7M5CBWFUDOIT7L3FMZVE7HGC3IKABL7HVOE,G4YCMD3TSAEPHLXI725RCBYKVMGGA6NUQJ4MCS3JIKDUBAVFFQFQ,0,0.000000,2024-01-26 03:47:12,5ZTFAAE5XSZXQSE2VSYNP2IDQTODCAWJD5YXMPIRYRDVKE3XZSL7FXHCSU,0.000000,pay,0,55YXQ2AC7PUOOYIWUFIOGFZ7M5CBWFUDOIT7L3FMZVE7HGC3IKABL7HVOE,IN,false
pera-wallet,phone:mobile-1,55YXQ2AC7PUOOYIWUFIOGFZ7M5CBWFUDOIT7L3FMZVE7HGC3IKABL7HVOE,6RX4IT7D6LG2SNJTGPDLNHGDHXHLOM6QCBBD56EAJ7L4UWJTHXMQ,0.001,0,2024-01-26 01:03:53,5ZTFAAE5XSZXQSE2VSYNP2IDQTODCAWJD5YXMPIRYRDVKE3XZSL7FXHCSU,0,pay,0.000100,55YXQ2AC7PUOOYIWUFIOGFZ7M5CBWFUDOIT7L3FMZVE7HGC3IKABL7HVOE,IN,false
pera-wallet,phone:mobile-1,55YXQ2AC7PUOOYIWUFIOGFZ7M5CBWFUDOIT7L3FMZVE7HGC3IKABL7HVOE,6RX4IT7D6LG2SNJTGPDLNHGDHXHLOM6QCBBD56EAJ7L4UWJTHXMQ,0,0.000000,2024-01-26 01:03:53,5ZTFAAE5XSZXQSE2VSYNP2IDQTODCAWJD5YXMPIRYRDVKE3XZSL7FXHCSU,0.000000,pay,0,55YXQ2AC7PUOOYIWUFIOGFZ7M5CBWFUDOIT7L3FMZVE7HGC3IKABL7HVOE,IN,false
pera-wallet,phone:mobile-1,55YXQ2AC7PUOOYIWUFIOGFZ7M5CBWFUDOIT7L3FMZVE7HGC3IKABL7HVOE,3ZMYT67AELPQWEEPB7JKD5H3LBW3FS3BO637GDCRDU4ZOSF7D5FA,0.001,0,2024-01-25 22:21:36,WARN666I6ITOTBIFMYOOYDAT2JA63QQO2Y6MJCNER5YAF4L6MQO7W6SCAM,0,pay,0.000013,55YXQ2AC7PUOOYIWUFIOGFZ7M5CBWFUDOIT7L3FMZVE7HGC3IKABL7HVOE,IN,false
pera-wallet,phone:mobile-1,55YXQ2AC7PUOOYIWUFIOGFZ7M5CBWFUDOIT7L3FMZVE7HGC3IKABL7HVOE,3ZMYT67AELPQWEEPB7JKD5H3LBW3FS3BO637GDCRDU4ZOSF7D5FA,0,0.000000,2024-01-25 22:21:36,WARN666I6ITOTBIFMYOOYDAT2JA63QQO2Y6MJCNER5YAF4L6MQO7W6SCAM,0.000000,pay,0,55YXQ2AC7PUOOYIWUFIOGFZ7M5CBWFUDOIT7L3FMZVE7HGC3IKABL7HVOE,IN,false
pera-wallet,phone:mobile-1,55YXQ2AC7PUOOYIWUFIOGFZ7M5CBWFUDOIT7L3FMZVE7HGC3IKABL7HVOE,KEYD6Y3GOUUBBYXQWDHIUISPJCVSAT2XP62YOFN73FPW3QAIUGMQ,0.001,0,2024-01-25 22:21:30,5ZTFAAE5XSZXQSE2VSYNP2IDQTODCAWJD5YXMPIRYRDVKE3XZSL7FXHCSU,0,pay,0.000100,55YXQ2AC7PUOOYIWUFIOGFZ7M5CBWFUDOIT7L3FMZVE7HGC3IKABL7HVOE,IN,false
pera-wallet,phone:mobile-1,55YXQ2AC7PUOOYIWUFIOGFZ7M5CBWFUDOIT7L3FMZVE7HGC3IKABL7HVOE,KEYD6Y3GOUUBBYXQWDHIUISPJCVSAT2XP62YOFN73FPW3QAIUGMQ,0,0.000000,2024-01-25 22:21:30,5ZTFAAE5XSZXQSE2VSYNP2IDQTODCAWJD5YXMPIRYRDVKE3XZSL7FXHCSU,0.000000,pay,0,55YXQ2AC7PUOOYIWUFIOGFZ7M5CBWFUDOIT7L3FMZVE7HGC3IKABL7HVOE,IN,false
pera-wallet,phone:mobile-1,55YXQ2AC7PUOOYIWUFIOGFZ7M5CBWFUDOIT7L3FMZVE7HGC3IKABL7HVOE,KBOFJJNQIEOVZBVR6HBFROG3TNCHDL7MW7BB46CLTKFJPPZIJLXQ,0.001,0,2024-01-25 19:39:14,5ZTFAAE5XSZXQSE2VSYNP2IDQTODCAWJD5YXMPIRYRDVKE3XZSL7FXHCSU,0,pay,0.000100,55YXQ2AC7PUOOYIWUFIOGFZ7M5CBWFUDOIT7L3FMZVE7HGC3IKABL7HVOE,IN,false
pera-wallet,phone:mobile-1,55YXQ2AC7PUOOYIWUFIOGFZ7M5CBWFUDOIT7L3FMZVE7HGC3IKABL7HVOE,KBOFJJNQIEOVZBVR6HBFROG3TNCHDL7MW7BB46CLTKFJPPZIJLXQ,0,0.000000,2024-01-25 19:39:14,5ZTFAAE5XSZXQSE2VSYNP2IDQTODCAWJD5YXMPIRYRDVKE3XZSL7FXHCSU,0.000000,pay,0,55YXQ2AC7PUOOYIWUFIOGFZ7M5CBWFUDOIT7L3FMZVE7HGC3IKABL7HVOE,IN,false
pera-wallet,phone:mobile-1,55YXQ2AC7PUOOYIWUFIOGFZ7M5CBWFUDOIT7L3FMZVE7HGC3IKABL7HVOE,NHJDDJ3ZAEVJSDZ46Y2N7NL4DPIA7TJ4UQZFDTEBTEXBRP3E5OHA,0.001,0,2024-01-25 16:56:44,5ZTFAAE5XSZXQSE2VSYNP2IDQTODCAWJD5YXMPIRYRDVKE3XZSL7FXHCSU,0,pay,0.000100,55YXQ2AC7PUOOYIWUFIOGFZ7M5CBWFUDOIT7L3FMZVE7HGC3IKABL7HVOE,IN,false
pera-wallet,phone:mobile-1,55YXQ2AC7PUOOYIWUFIOGFZ7M5CBWFUDOIT7L3FMZVE7HGC3IKABL7HVOE,NHJDDJ3ZAEVJSDZ46Y2N7NL4DPIA7TJ4UQZFDTEBTEXBRP3E5OHA,0,0.000000,2024-01-25 16:56:44,5ZTFAAE5XSZXQSE2VSYNP2IDQTODCAWJD5YXMPIRYRDVKE3XZSL7FXHCSU,0.000000,pay,0,55YXQ2AC7PUOOYIWUFIOGFZ7M5CBWFUDOIT7L3FMZVE7HGC3IKABL7HVOE,IN,false
pera-wallet,phone:mobile-1,55YXQ2AC7PUOOYIWUFIOGFZ7M5CBWFUDOIT7L3FMZVE7HGC3IKABL7HVOE,QI6RZZCXEV6TG7C6UJVETGEABKKV3IYK7JEMWXQ2DV5RM2O4RINQ,0.001,0,2024-01-25 14:14:11,5ZTFAAE5XSZXQSE2VSYNP2IDQTODCAWJD5YXMPIRYRDVKE3XZSL7FXHCSU,0,pay,0.000100,55YXQ2AC7PUOOYIWUFIOGFZ7M5CBWFUDOIT7L3FMZVE7HGC3IKABL7HVOE,IN,false
pera-wallet,phone:mobile-1,55YXQ2AC7PUOOYIWUFIOGFZ7M5CBWFUDOIT7L3FMZVE7HGC3IKABL7HVOE,QI6RZZCXEV6TG7C6UJVETGEABKKV3IYK7JEMWXQ2DV5RM2O4RINQ,0,0.000000,2024-01-25 14:14:11,5ZTFAAE5XSZXQSE2VSYNP2IDQTODCAWJD5YXMPIRYRDVKE3XZSL7FXHCSU,0.000000,pay,0,55YXQ2AC7PUOOYIWUFIOGFZ7M5CBWFUDOIT7L3FMZVE7HGC3IKABL7HVOE,IN,false
pera-wallet,phone:mobile-1,55YXQ2AC7PUOOYIWUFIOGFZ7M5CBWFUDOIT7L3FMZVE7HGC3IKABL7HVOE,TZNILO7U2VM7ELAUFRSNXU3LLXFRQGUC3KS5QBMSVTCZHFGRKJCQ,0,0,2024-01-25 13:14:10,OLDMLHGAS3QPO77ZSBOR6YKDDNYDZ7A5MQ55MKJZZYZEC4JPXYNIQDMUVI,0,pay,14.399531,55YXQ2AC7PUOOYIWUFIOGFZ7M5CBWFUDOIT7L3FMZVE7HGC3IKABL7HVOE,IN,false
pera-wallet,phone:mobile-1,55YXQ2AC7PUOOYIWUFIOGFZ7M5CBWFUDOIT7L3FMZVE7HGC3IKABL7HVOE,TZNILO7U2VM7ELAUFRSNXU3LLXFRQGUC3KS5QBMSVTCZHFGRKJCQ,0,0.000000,2024-01-25 13:14:10,OLDMLHGAS3QPO77ZSBOR6YKDDNYDZ7A5MQ55MKJZZYZEC4JPXYNIQDMUVI,0.000000,pay,0,55YXQ2AC7PUOOYIWUFIOGFZ7M5CBWFUDOIT7L3FMZVE7HGC3IKABL7HVOE,IN,false
pera-wallet,phone:mobile-1,55YXQ2AC7PUOOYIWUFIOGFZ7M5CBWFUDOIT7L3FMZVE7HGC3IKABL7HVOE,Y3AIM3GS4PY2VPWNUWU5PTUYUKIWYWZIBIA6YBQUEKDXYYV3UQOQ,0.002,0,2024-01-25 13:14:10,55YXQ2AC7PUOOYIWUFIOGFZ7M5CBWFUDOIT7L3FMZVE7HGC3IKABL7HVOE,0,appl,0.000000,,OUT,false
pera-wallet,phone:mobile-1,55YXQ2AC7PUOOYIWUFIOGFZ7M5CBWFUDOIT7L3FMZVE7HGC3IKABL7HVOE,Y3AIM3GS4PY2VPWNUWU5PTUYUKIWYWZIBIA6YBQUEKDXYYV3UQOQ,0,0.000000,2024-01-25 13:14:10,55YXQ2AC7PUOOYIWUFIOGFZ7M5CBWFUDOIT7L3FMZVE7HGC3IKABL7HVOE,0.000000,appl,0,,OUT,false
pera-wallet,phone:mobile-1,55YXQ2AC7PUOOYIWUFIOGFZ7M5CBWFUDOIT7L3FMZVE7HGC3IKABL7HVOE,KTP3L5KKWGNDAF555DWN3UGV3OI7L3ED36AYGYUUA3D4NWVJ34SA,0.001,0,2024-01-25 11:31:48,WARN666I6ITOTBIFMYOOYDAT2JA63QQO2Y6MJCNER5YAF4L6MQO7W6SCAM,0,pay,0.000911,55YXQ2AC7PUOOYIWUFIOGFZ7M5CBWFUDOIT7L3FMZVE7HGC3IKABL7HVOE,IN,false
pera-wallet,phone:mobile-1,55YXQ2AC7PUOOYIWUFIOGFZ7M5CBWFUDOIT7L3FMZVE7HGC3IKABL7HVOE,KTP3L5KKWGNDAF555DWN3UGV3OI7L3ED36AYGYUUA3D4NWVJ34SA,0,0.000000,2024-01-25 11:31:48,WARN666I6ITOTBIFMYOOYDAT2JA63QQO2Y6MJCNER5YAF4L6MQO7W6SCAM,0.000000,pay,0,55YXQ2AC7PUOOYIWUFIOGFZ7M5CBWFUDOIT7L3FMZVE7HGC3IKABL7HVOE,IN,false
pera-wallet,phone:mobile-1,55YXQ2AC7PUOOYIWUFIOGFZ7M5CBWFUDOIT7L3FMZVE7HGC3IKABL7HVOE,4IRJPXPOKONTQXOA3PYHI6GSOFVXGDVOBI2BGS2MZSLDBGKSZZDQ,0.001,0,2024-01-25 11:31:43,5ZTFAAE5XSZXQSE2VSYNP2IDQTODCAWJD5YXMPIRYRDVKE3XZSL7FXHCSU,0,pay,0.000100,55YXQ2AC7PUOOYIWUFIOGFZ7M5CBWFUDOIT7L3FMZVE7HGC3IKABL7HVOE,IN,false
pera-wallet,phone:mobile-1,55YXQ2AC7PUOOYIWUFIOGFZ7M5CBWFUDOIT7L3FMZVE7HGC3IKABL7HVOE,4IRJPXPOKONTQXOA3PYHI6GSOFVXGDVOBI2BGS2MZSLDBGKSZZDQ,0,0.000000,2024-01-25 11:31:43,5ZTFAAE5XSZXQSE2VSYNP2IDQTODCAWJD5YXMPIRYRDVKE3XZSL7FXHCSU,0.000000,pay,0,55YXQ2AC7PUOOYIWUFIOGFZ7M5CBWFUDOIT7L3FMZVE7HGC3IKABL7HVOE,IN,false
pera-wallet,phone:mobile-1,55YXQ2AC7PUOOYIWUFIOGFZ7M5CBWFUDOIT7L3FMZVE7HGC3IKABL7HVOE,BPRQIFOJGQKMMWFNW374H45SL2E6NQFJJM2MUH3D3F4IVHT5DERQ,0.001,0,2024-01-25 08:49:43,WARN666I6ITOTBIFMYOOYDAT2JA63QQO2Y6MJCNER5YAF4L6MQO7W6SCAM,0,pay,0.000911,55YXQ2AC7PUOOYIWUFIOGFZ7M5CBWFUDOIT7L3FMZVE7HGC3IKABL7HVOE,IN,false
pera-wallet,phone:mobile-1,55YXQ2AC7PUOOYIWUFIOGFZ7M5CBWFUDOIT7L3FMZVE7HGC3IKABL7HVOE,BPRQIFOJGQKMMWFNW374H45SL2E6NQFJJM2MUH3D3F4IVHT5DERQ,0,0.000000,2024-01-25 08:49:43,WARN666I6ITOTBIFMYOOYDAT2JA63QQO2Y6MJCNER5YAF4L6MQO7W6SCAM,0.000000,pay,0,55YXQ2AC7PUOOYIWUFIOGFZ7M5CBWFUDOIT7L3FMZVE7HGC3IKABL7HVOE,IN,false
pera-wallet,phone:mobile-1,55YXQ2AC7PUOOYIWUFIOGFZ7M5CBWFUDOIT7L3FMZVE7HGC3IKABL7HVOE,7E3QBARG7SDP43NOR6LXRS5WHE32NQAFC26NJXVLJL3X7PDXKU4A,0.001,0,2024-01-25 08:49:34,5ZTFAAE5XSZXQSE2VSYNP2IDQTODCAWJD5YXMPIRYRDVKE3XZSL7FXHCSU,0,pay,0.000100,55YXQ2AC7PUOOYIWUFIOGFZ7M5CBWFUDOIT7L3FMZVE7HGC3IKABL7HVOE,IN,false
pera-wallet,phone:mobile-1,55YXQ2AC7PUOOYIWUFIOGFZ7M5CBWFUDOIT7L3FMZVE7HGC3IKABL7HVOE,7E3QBARG7SDP43NOR6LXRS5WHE32NQAFC26NJXVLJL3X7PDXKU4A,0,0.000000,2024-01-25 08:49:34,5ZTFAAE5XSZXQSE2VSYNP2IDQTODCAWJD5YXMPIRYRDVKE3XZSL7FXHCSU,0.000000,pay,0,55YXQ2AC7PUOOYIWUFIOGFZ7M5CBWFUDOIT7L3FMZVE7HGC3IKABL7HVOE,IN,false
pera-wallet,phone:mobile-1,55YXQ2AC7PUOOYIWUFIOGFZ7M5CBWFUDOIT7L3FMZVE7HGC3IKABL7HVOE,RE2FPXLWV5BBFXMTRTPNRLMCTHYNXPICBN5BJWHJRV2GQXDC6W5A,0.001,0,2024-01-24 16:59:02,WARN666I6ITOTBIFMYOOYDAT2JA63QQO2Y6MJCNER5YAF4L6MQO7W6SCAM,0,pay,0.000911,55YXQ2AC7PUOOYIWUFIOGFZ7M5CBWFUDOIT7L3FMZVE7HGC3IKABL7HVOE,IN,false
pera-wallet,phone:mobile-1,55YXQ2AC7PUOOYIWUFIOGFZ7M5CBWFUDOIT7L3FMZVE7HGC3IKABL7HVOE,RE2FPXLWV5BBFXMTRTPNRLMCTHYNXPICBN5BJWHJRV2GQXDC6W5A,0,0.000000,2024-01-24 16:59:02,WARN666I6ITOTBIFMYOOYDAT2JA63QQO2Y6MJCNER5YAF4L6MQO7W6SCAM,0.000000,pay,0,55YXQ2AC7PUOOYIWUFIOGFZ7M5CBWFUDOIT7L3FMZVE7HGC3IKABL7HVOE,IN,false
pera-wallet,phone:mobile-1,55YXQ2AC7PUOOYIWUFIOGFZ7M5CBWFUDOIT7L3FMZVE7HGC3IKABL7HVOE,B7WOGSVXG2OXLNOKZVAALYNJM32WAJ5KOS2WOZ3O7EDFIJCG57MA,0.001,0,2024-01-24 16:58:56,5ZTFAAE5XSZXQSE2VSYNP2IDQTODCAWJD5YXMPIRYRDVKE3XZSL7FXHCSU,0,pay,0.000100,55YXQ2AC7PUOOYIWUFIOGFZ7M5CBWFUDOIT7L3FMZVE7HGC3IKABL7HVOE,IN,false
pera-wallet,phone:mobile-1,55YXQ2AC7PUOOYIWUFIOGFZ7M5CBWFUDOIT7L3FMZVE7HGC3IKABL7HVOE,B7WOGSVXG2OXLNOKZVAALYNJM32WAJ5KOS2WOZ3O7EDFIJCG57MA,0,0.000000,2024-01-24 16:58:56,5ZTFAAE5XSZXQSE2VSYNP2IDQTODCAWJD5YXMPIRYRDVKE3XZSL7FXHCSU,0.000000,pay,0,55YXQ2AC7PUOOYIWUFIOGFZ7M5CBWFUDOIT7L3FMZVE7HGC3IKABL7HVOE,IN,false
pera-wallet,phone:mobile-1,55YXQ2AC7PUOOYIWUFIOGFZ7M5CBWFUDOIT7L3FMZVE7HGC3IKABL7HVOE,EXAQHDLTQUEDVIQG3OKFQFU6KNCD2KWKDLYUIVDRIPITM64AXLJA,0.001,0,2024-01-24 15:00:40,5ZTFAAE5XSZXQSE2VSYNP2IDQTODCAWJD5YXMPIRYRDVKE3XZSL7FXHCSU,0,pay,0.000100,55YXQ2AC7PUOOYIWUFIOGFZ7M5CBWFUDOIT7L3FMZVE7HGC3IKABL7HVOE,IN,false
pera-wallet,phone:mobile-1,55YXQ2AC7PUOOYIWUFIOGFZ7M5CBWFUDOIT7L3FMZVE7HGC3IKABL7HVOE,EXAQHDLTQUEDVIQG3OKFQFU6KNCD2KWKDLYUIVDRIPITM64AXLJA,0,0.000000,2024-01-24 15:00:40,5ZTFAAE5XSZXQSE2VSYNP2IDQTODCAWJD5YXMPIRYRDVKE3XZSL7FXHCSU,0.000000,pay,0,55YXQ2AC7PUOOYIWUFIOGFZ7M5CBWFUDOIT7L3FMZVE7HGC3IKABL7HVOE,IN,false
pera-wallet,phone:mobile-1,55YXQ2AC7PUOOYIWUFIOGFZ7M5CBWFUDOIT7L3FMZVE7HGC3IKABL7HVOE,2LSKOAKMQII4XKABTORDKS5YK5N5N7KDFD3ZTS4OANKHMI5THNXQ,0.001,0,2024-01-24 12:17:49,WARN666I6ITOTBIFMYOOYDAT2JA63QQO2Y6MJCNER5YAF4L6MQO7W6SCAM,0,pay,0.000911,55YXQ2AC7PUOOYIWUFIOGFZ7M5CBWFUDOIT7L3FMZVE7HGC3IKABL7HVOE,IN,false
pera-wallet,phone:mobile-1,55YXQ2AC7PUOOYIWUFIOGFZ7M5CBWFUDOIT7L3FMZVE7HGC3IKABL7HVOE,2LSKOAKMQII4XKABTORDKS5YK5N5N7KDFD3ZTS4OANKHMI5THNXQ,0,0.000000,2024-01-24 12:17:49,WARN666I6ITOTBIFMYOOYDAT2JA63QQO2Y6MJCNER5YAF4L6MQO7W6SCAM,0.000000,pay,0,55YXQ2AC7PUOOYIWUFIOGFZ7M5CBWFUDOIT7L3FMZVE7HGC3IKABL7HVOE,IN,false
pera-wallet,phone:mobile-1,55YXQ2AC7PUOOYIWUFIOGFZ7M5CBWFUDOIT7L3FMZVE7HGC3IKABL7HVOE,736JQETQKHUFRA5DDCHSNXBG4EM467IAIF6K2NBIBCB3Z7KEXMLQ,0.001,0,2024-01-24 12:17:43,5ZTFAAE5XSZXQSE2VSYNP2IDQTODCAWJD5YXMPIRYRDVKE3XZSL7FXHCSU,0,pay,0.000100,55YXQ2AC7PUOOYIWUFIOGFZ7M5CBWFUDOIT7L3FMZVE7HGC3IKABL7HVOE,IN,false
pera-wallet,phone:mobile-1,55YXQ2AC7PUOOYIWUFIOGFZ7M5CBWFUDOIT7L3FMZVE7HGC3IKABL7HVOE,736JQETQKHUFRA5DDCHSNXBG4EM467IAIF6K2NBIBCB3Z7KEXMLQ,0,0.000000,2024-01-24 12:17:43,5ZTFAAE5XSZXQSE2VSYNP2IDQTODCAWJD5YXMPIRYRDVKE3XZSL7FXHCSU,0.000000,pay,0,55YXQ2AC7PUOOYIWUFIOGFZ7M5CBWFUDOIT7L3FMZVE7HGC3IKABL7HVOE,IN,false
pera-wallet,phone:mobile-1,55YXQ2AC7PUOOYIWUFIOGFZ7M5CBWFUDOIT7L3FMZVE7HGC3IKABL7HVOE,YEX6KS4BOJKKM7YGPGFGIJXTQMCR26ZS26F4FOUD3NCSEDOUWL2A,0.001,0,2024-01-24 09:35:03,WARN666I6ITOTBIFMYOOYDAT2JA63QQO2Y6MJCNER5YAF4L6MQO7W6SCAM,0,pay,0.000911,55YXQ2AC7PUOOYIWUFIOGFZ7M5CBWFUDOIT7L3FMZVE7HGC3IKABL7HVOE,IN,false
pera-wallet,phone:mobile-1,55YXQ2AC7PUOOYIWUFIOGFZ7M5CBWFUDOIT7L3FMZVE7HGC3IKABL7HVOE,YEX6KS4BOJKKM7YGPGFGIJXTQMCR26ZS26F4FOUD3NCSEDOUWL2A,0,0.000000,2024-01-24 09:35:03,WARN666I6ITOTBIFMYOOYDAT2JA63QQO2Y6MJCNER5YAF4L6MQO7W6SCAM,0.000000,pay,0,55YXQ2AC7PUOOYIWUFIOGFZ7M5CBWFUDOIT7L3FMZVE7HGC3IKABL7HVOE,IN,false
pera-wallet,phone:mobile-1,55YXQ2AC7PUOOYIWUFIOGFZ7M5CBWFUDOIT7L3FMZVE7HGC3IKABL7HVOE,FSBPENNGL4QGN4APLU2EWAPAZGWEQRVE4CMYGWDWSVVOUV6ANHFQ,0.001,0,2024-01-24 09:34:57,5ZTFAAE5XSZXQSE2VSYNP2IDQTODCAWJD5YXMPIRYRDVKE3XZSL7FXHCSU,0,pay,0.000100,55YXQ2AC7PUOOYIWUFIOGFZ7M5CBWFUDOIT7L3FMZVE7HGC3IKABL7HVOE,IN,false
pera-wallet,phone:mobile-1,55YXQ2AC7PUOOYIWUFIOGFZ7M5CBWFUDOIT7L3FMZVE7HGC3IKABL7HVOE,FSBPENNGL4QGN4APLU2EWAPAZGWEQRVE4CMYGWDWSVVOUV6ANHFQ,0,0.000000,2024-01-24 09:34:57,5ZTFAAE5XSZXQSE2VSYNP2IDQTODCAWJD5YXMPIRYRDVKE3XZSL7FXHCSU,0.000000,pay,0,55YXQ2AC7PUOOYIWUFIOGFZ7M5CBWFUDOIT7L3FMZVE7HGC3IKABL7HVOE,IN,false
pera-wallet,phone:mobile-1,55YXQ2AC7PUOOYIWUFIOGFZ7M5CBWFUDOIT7L3FMZVE7HGC3IKABL7HVOE,Y2HCG2IZ4Y7WCEM6RTEBLQUQAYMFRSPEO4OINJBAKP4VJ5LGVZ4Q,0.001,0,2024-01-24 06:51:28,WARN666I6ITOTBIFMYOOYDAT2JA63QQO2Y6MJCNER5YAF4L6MQO7W6SCAM,0,pay,0.000001,55YXQ2AC7PUOOYIWUFIOGFZ7M5CBWFUDOIT7L3FMZVE7HGC3IKABL7HVOE,IN,false
pera-wallet,phone:mobile-1,55YXQ2AC7PUOOYIWUFIOGFZ7M5CBWFUDOIT7L3FMZVE7HGC3IKABL7HVOE,Y2HCG2IZ4Y7WCEM6RTEBLQUQAYMFRSPEO4OINJBAKP4VJ5LGVZ4Q,0,0.000000,2024-01-24 06:51:28,WARN666I6ITOTBIFMYOOYDAT2JA63QQO2Y6MJCNER5YAF4L6MQO7W6SCAM,0.000000,pay,0,55YXQ2AC7PUOOYIWUFIOGFZ7M5CBWFUDOIT7L3FMZVE7HGC3IKABL7HVOE,IN,false
pera-wallet,phone:mobile-1,55YXQ2AC7PUOOYIWUFIOGFZ7M5CBWFUDOIT7L3FMZVE7HGC3IKABL7HVOE,MPQNP5ZF2VH5DM35WLEUIUXPUGOIRC7GVNAW5MIVKQ2GWK3TDCTQ,0.001,0,2024-01-24 06:51:23,5ZTFAAE5XSZXQSE2VSYNP2IDQTODCAWJD5YXMPIRYRDVKE3XZSL7FXHCSU,0,pay,0.000100,55YXQ2AC7PUOOYIWUFIOGFZ7M5CBWFUDOIT7L3FMZVE7HGC3IKABL7HVOE,IN,false
pera-wallet,phone:mobile-1,55YXQ2AC7PUOOYIWUFIOGFZ7M5CBWFUDOIT7L3FMZVE7HGC3IKABL7HVOE,MPQNP5ZF2VH5DM35WLEUIUXPUGOIRC7GVNAW5MIVKQ2GWK3TDCTQ,0,0.000000,2024-01-24 06:51:23,5ZTFAAE5XSZXQSE2VSYNP2IDQTODCAWJD5YXMPIRYRDVKE3XZSL7FXHCSU,0.000000,pay,0,55YXQ2AC7PUOOYIWUFIOGFZ7M5CBWFUDOIT7L3FMZVE7HGC3IKABL7HVOE,IN,false
pera-wallet,phone:mobile-1,55YXQ2AC7PUOOYIWUFIOGFZ7M5CBWFUDOIT7L3FMZVE7HGC3IKABL7HVOE,2IVTUIWMPIETEGZAYSK7W3BIZ5LZXNJRRDOBGFMYNM6Q7UPFBCTA,0.001,0,2024-01-24 04:08:22,5ZTFAAE5XSZXQSE2VSYNP2IDQTODCAWJD5YXMPIRYRDVKE3XZSL7FXHCSU,0,pay,0.000100,55YXQ2AC7PUOOYIWUFIOGFZ7M5CBWFUDOIT7L3FMZVE7HGC3IKABL7HVOE,IN,false
pera-wallet,phone:mobile-1,55YXQ2AC7PUOOYIWUFIOGFZ7M5CBWFUDOIT7L3FMZVE7HGC3IKABL7HVOE,2IVTUIWMPIETEGZAYSK7W3BIZ5LZXNJRRDOBGFMYNM6Q7UPFBCTA,0,0.000000,2024-01-24 04:08:22,5ZTFAAE5XSZXQSE2VSYNP2IDQTODCAWJD5YXMPIRYRDVKE3XZSL7FXHCSU,0.000000,pay,0,55YXQ2AC7PUOOYIWUFIOGFZ7M5CBWFUDOIT7L3FMZVE7HGC3IKABL7HVOE,IN,false
pera-wallet,phone:mobile-1,55YXQ2AC7PUOOYIWUFIOGFZ7M5CBWFUDOIT7L3FMZVE7HGC3IKABL7HVOE,4K7GZMJHDNFRT7MHZ245CWXJCEUMXC5V5WSNXKIAE2Z7OOLNCBQA,0.001,0,2024-01-24 02:58:39,5ZTFAAE5XSZXQSE2VSYNP2IDQTODCAWJD5YXMPIRYRDVKE3XZSL7FXHCSU,0,pay,0.000100,55YXQ2AC7PUOOYIWUFIOGFZ7M5CBWFUDOIT7L3FMZVE7HGC3IKABL7HVOE,IN,false
pera-wallet,phone:mobile-1,55YXQ2AC7PUOOYIWUFIOGFZ7M5CBWFUDOIT7L3FMZVE7HGC3IKABL7HVOE,4K7GZMJHDNFRT7MHZ245CWXJCEUMXC5V5WSNXKIAE2Z7OOLNCBQA,0,0.000000,2024-01-24 02:58:39,5ZTFAAE5XSZXQSE2VSYNP2IDQTODCAWJD5YXMPIRYRDVKE3XZSL7FXHCSU,0.000000,pay,0,55YXQ2AC7PUOOYIWUFIOGFZ7M5CBWFUDOIT7L3FMZVE7HGC3IKABL7HVOE,IN,false
pera-wallet,phone:mobile-1,55YXQ2AC7PUOOYIWUFIOGFZ7M5CBWFUDOIT7L3FMZVE7HGC3IKABL7HVOE,NWQP5NJHALDWY3JAILXMIKQ3RRZJ6TCY3A3KRS2RNAMV3ZEAHRKA,0.001,0,2024-01-24 01:49:25,5ZTFAAE5XSZXQSE2VSYNP2IDQTODCAWJD5YXMPIRYRDVKE3XZSL7FXHCSU,0,pay,0.000100,55YXQ2AC7PUOOYIWUFIOGFZ7M5CBWFUDOIT7L3FMZVE7HGC3IKABL7HVOE,IN,false
pera-wallet,phone:mobile-1,55YXQ2AC7PUOOYIWUFIOGFZ7M5CBWFUDOIT7L3FMZVE7HGC3IKABL7HVOE,NWQP5NJHALDWY3JAILXMIKQ3RRZJ6TCY3A3KRS2RNAMV3ZEAHRKA,0,0.000000,2024-01-24 01:49:25,5ZTFAAE5XSZXQSE2VSYNP2IDQTODCAWJD5YXMPIRYRDVKE3XZSL7FXHCSU,0.000000,pay,0,55YXQ2AC7PUOOYIWUFIOGFZ7M5CBWFUDOIT7L3FMZVE7HGC3IKABL7HVOE,IN,false
pera-wallet,phone:mobile-1,55YXQ2AC7PUOOYIWUFIOGFZ7M5CBWFUDOIT7L3FMZVE7HGC3IKABL7HVOE,P7UUDZFFIIUHD2ZMJE7GNR4VK7PYKR3R2CTOLOSCMKDGOMSLN3WQ,0.001,0,2024-01-24 00:40:07,5ZTFAAE5XSZXQSE2VSYNP2IDQTODCAWJD5YXMPIRYRDVKE3XZSL7FXHCSU,0,pay,0.000100,55YXQ2AC7PUOOYIWUFIOGFZ7M5CBWFUDOIT7L3FMZVE7HGC3IKABL7HVOE,IN,false
pera-wallet,phone:mobile-1,55YXQ2AC7PUOOYIWUFIOGFZ7M5CBWFUDOIT7L3FMZVE7HGC3IKABL7HVOE,P7UUDZFFIIUHD2ZMJE7GNR4VK7PYKR3R2CTOLOSCMKDGOMSLN3WQ,0,0.000000,2024-01-24 00:40:07,5ZTFAAE5XSZXQSE2VSYNP2IDQTODCAWJD5YXMPIRYRDVKE3XZSL7FXHCSU,0.000000,pay,0,55YXQ2AC7PUOOYIWUFIOGFZ7M5CBWFUDOIT7L3FMZVE7HGC3IKABL7HVOE,IN,false
pera-wallet,phone:mobile-1,55YXQ2AC7PUOOYIWUFIOGFZ7M5CBWFUDOIT7L3FMZVE7HGC3IKABL7HVOE,XYEBOY2PGD5DTOJVWREMLPIEV4GRVUHLAD3FQQCKBZLSZRJR4QKQ,0.001,0,2024-01-23 23:30:54,5ZTFAAE5XSZXQSE2VSYNP2IDQTODCAWJD5YXMPIRYRDVKE3XZSL7FXHCSU,0,pay,0.000100,55YXQ2AC7PUOOYIWUFIOGFZ7M5CBWFUDOIT7L3FMZVE7HGC3IKABL7HVOE,IN,false
pera-wallet,phone:mobile-1,55YXQ2AC7PUOOYIWUFIOGFZ7M5CBWFUDOIT7L3FMZVE7HGC3IKABL7HVOE,XYEBOY2PGD5DTOJVWREMLPIEV4GRVUHLAD3FQQCKBZLSZRJR4QKQ,0,0.000000,2024-01-23 23:30:54,5ZTFAAE5XSZXQSE2VSYNP2IDQTODCAWJD5YXMPIRYRDVKE3XZSL7FXHCSU,0.000000,pay,0,55YXQ2AC7PUOOYIWUFIOGFZ7M5CBWFUDOIT7L3FMZVE7HGC3IKABL7HVOE,IN,false
pera-wallet,phone:mobile-1,55YXQ2AC7PUOOYIWUFIOGFZ7M5CBWFUDOIT7L3FMZVE7HGC3IKABL7HVOE,MEBIML5X5DOJTLIIHNDQBHN72D6YZQFBWQ7AMKKAVW3S232BLGAQ,0.001,0,2024-01-23 22:21:39,5ZTFAAE5XSZXQSE2VSYNP2IDQTODCAWJD5YXMPIRYRDVKE3XZSL7FXHCSU,0,pay,0.000100,55YXQ2AC7PUOOYIWUFIOGFZ7M5CBWFUDOIT7L3FMZVE7HGC3IKABL7HVOE,IN,false
pera-wallet,phone:mobile-1,55YXQ2AC7PUOOYIWUFIOGFZ7M5CBWFUDOIT7L3FMZVE7HGC3IKABL7HVOE,MEBIML5X5DOJTLIIHNDQBHN72D6YZQFBWQ7AMKKAVW3S232BLGAQ,0,0.000000,2024-01-23 22:21:39,5ZTFAAE5XSZXQSE2VSYNP2IDQTODCAWJD5YXMPIRYRDVKE3XZSL7FXHCSU,0.000000,pay,0,55YXQ2AC7PUOOYIWUFIOGFZ7M5CBWFUDOIT7L3FMZVE7HGC3IKABL7HVOE,IN,false
pera-wallet,phone:mobile-1,55YXQ2AC7PUOOYIWUFIOGFZ7M5CBWFUDOIT7L3FMZVE7HGC3IKABL7HVOE,L75KAC423BHL4AOLHAEUOGYR7RKOH7WS6FPNZCQ653FW3JRY3EBA,0.001,0,2024-01-23 21:12:24,5ZTFAAE5XSZXQSE2VSYNP2IDQTODCAWJD5YXMPIRYRDVKE3XZSL7FXHCSU,0,pay,0.000100,55YXQ2AC7PUOOYIWUFIOGFZ7M5CBWFUDOIT7L3FMZVE7HGC3IKABL7HVOE,IN,false
pera-wallet,phone:mobile-1,55YXQ2AC7PUOOYIWUFIOGFZ7M5CBWFUDOIT7L3FMZVE7HGC3IKABL7HVOE,L75KAC423BHL4AOLHAEUOGYR7RKOH7WS6FPNZCQ653FW3JRY3EBA,0,0.000000,2024-01-23 21:12:24,5ZTFAAE5XSZXQSE2VSYNP2IDQTODCAWJD5YXMPIRYRDVKE3XZSL7FXHCSU,0.000000,pay,0,55YXQ2AC7PUOOYIWUFIOGFZ7M5CBWFUDOIT7L3FMZVE7HGC3IKABL7HVOE,IN,false
pera-wallet,phone:mobile-1,55YXQ2AC7PUOOYIWUFIOGFZ7M5CBWFUDOIT7L3FMZVE7HGC3IKABL7HVOE,3LMCHAP56NW2VATFQK6MTKN5HRXKH3XCWO6A5DGCMPJJLSFNL3CQ,0.001,0,2024-01-23 20:03:16,5ZTFAAE5XSZXQSE2VSYNP2IDQTODCAWJD5YXMPIRYRDVKE3XZSL7FXHCSU,0,pay,0.000100,55YXQ2AC7PUOOYIWUFIOGFZ7M5CBWFUDOIT7L3FMZVE7HGC3IKABL7HVOE,IN,false
pera-wallet,phone:mobile-1,55YXQ2AC7PUOOYIWUFIOGFZ7M5CBWFUDOIT7L3FMZVE7HGC3IKABL7HVOE,3LMCHAP56NW2VATFQK6MTKN5HRXKH3XCWO6A5DGCMPJJLSFNL3CQ,0,0.000000,2024-01-23 20:03:16,5ZTFAAE5XSZXQSE2VSYNP2IDQTODCAWJD5YXMPIRYRDVKE3XZSL7FXHCSU,0.000000,pay,0,55YXQ2AC7PUOOYIWUFIOGFZ7M5CBWFUDOIT7L3FMZVE7HGC3IKABL7HVOE,IN,false
pera-wallet,phone:mobile-1,55YXQ2AC7PUOOYIWUFIOGFZ7M5CBWFUDOIT7L3FMZVE7HGC3IKABL7HVOE,QYEMNWSL2P5HL7XI6YF5V2OXMAOY7FW7VOZAER4D7BMTGC4G6ACQ,0.001,0,2024-01-23 18:53:50,5ZTFAAE5XSZXQSE2VSYNP2IDQTODCAWJD5YXMPIRYRDVKE3XZSL7FXHCSU,0,pay,0.000100,55YXQ2AC7PUOOYIWUFIOGFZ7M5CBWFUDOIT7L3FMZVE7HGC3IKABL7HVOE,IN,false
pera-wallet,phone:mobile-1,55YXQ2AC7PUOOYIWUFIOGFZ7M5CBWFUDOIT7L3FMZVE7HGC3IKABL7HVOE,QYEMNWSL2P5HL7XI6YF5V2OXMAOY7FW7VOZAER4D7BMTGC4G6ACQ,0,0.000000,2024-01-23 18:53:50,5ZTFAAE5XSZXQSE2VSYNP2IDQTODCAWJD5YXMPIRYRDVKE3XZSL7FXHCSU,0.000000,pay,0,55YXQ2AC7PUOOYIWUFIOGFZ7M5CBWFUDOIT7L3FMZVE7HGC3IKABL7HVOE,IN,false
pera-wallet,phone:mobile-1,55YXQ2AC7PUOOYIWUFIOGFZ7M5CBWFUDOIT7L3FMZVE7HGC3IKABL7HVOE,IK4F7JF45ISQEREHW5Z7DKRZTCKUR46YUTBHDNKUDBEVTVHXHQVA,0.001,0,2024-01-23 17:44:29,5ZTFAAE5XSZXQSE2VSYNP2IDQTODCAWJD5YXMPIRYRDVKE3XZSL7FXHCSU,0,pay,0.000100,55YXQ2AC7PUOOYIWUFIOGFZ7M5CBWFUDOIT7L3FMZVE7HGC3IKABL7HVOE,IN,false
pera-wallet,phone:mobile-1,55YXQ2AC7PUOOYIWUFIOGFZ7M5CBWFUDOIT7L3FMZVE7HGC3IKABL7HVOE,IK4F7JF45ISQEREHW5Z7DKRZTCKUR46YUTBHDNKUDBEVTVHXHQVA,0,0.000000,2024-01-23 17:44:29,5ZTFAAE5XSZXQSE2VSYNP2IDQTODCAWJD5YXMPIRYRDVKE3XZSL7FXHCSU,0.000000,pay,0,55YXQ2AC7PUOOYIWUFIOGFZ7M5CBWFUDOIT7L3FMZVE7HGC3IKABL7HVOE,IN,false
pera-wallet,phone:mobile-1,55YXQ2AC7PUOOYIWUFIOGFZ7M5CBWFUDOIT7L3FMZVE7HGC3IKABL7HVOE,BX4WR4ZGMS4SBLO7U3RV45GZRGJRO6D5NHGKKT6INNTLQSPP5XJQ,0.001,0,2024-01-23 16:35:09,5ZTFAAE5XSZXQSE2VSYNP2IDQTODCAWJD5YXMPIRYRDVKE3XZSL7FXHCSU,0,pay,0.000100,55YXQ2AC7PUOOYIWUFIOGFZ7M5CBWFUDOIT7L3FMZVE7HGC3IKABL7HVOE,IN,false
pera-wallet,phone:mobile-1,55YXQ2AC7PUOOYIWUFIOGFZ7M5CBWFUDOIT7L3FMZVE7HGC3IKABL7HVOE,BX4WR4ZGMS4SBLO7U3RV45GZRGJRO6D5NHGKKT6INNTLQSPP5XJQ,0,0.000000,2024-01-23 16:35:09,5ZTFAAE5XSZXQSE2VSYNP2IDQTODCAWJD5YXMPIRYRDVKE3XZSL7FXHCSU,0.000000,pay,0,55YXQ2AC7PUOOYIWUFIOGFZ7M5CBWFUDOIT7L3FMZVE7HGC3IKABL7HVOE,IN,false
pera-wallet,phone:mobile-1,55YXQ2AC7PUOOYIWUFIOGFZ7M5CBWFUDOIT7L3FMZVE7HGC3IKABL7HVOE,6ISYHGBCDTO44EI2KUQ6BGIWEG5CFVDKJ2UK7NWMNOGX6ZHPVBDQ,0.001,0,2024-01-23 15:25:52,5ZTFAAE5XSZXQSE2VSYNP2IDQTODCAWJD5YXMPIRYRDVKE3XZSL7FXHCSU,0,pay,0.000100,55YXQ2AC7PUOOYIWUFIOGFZ7M5CBWFUDOIT7L3FMZVE7HGC3IKABL7HVOE,IN,false
pera-wallet,phone:mobile-1,55YXQ2AC7PUOOYIWUFIOGFZ7M5CBWFUDOIT7L3FMZVE7HGC3IKABL7HVOE,6ISYHGBCDTO44EI2KUQ6BGIWEG5CFVDKJ2UK7NWMNOGX6ZHPVBDQ,0,0.000000,2024-01-23 15:25:52,5ZTFAAE5XSZXQSE2VSYNP2IDQTODCAWJD5YXMPIRYRDVKE3XZSL7FXHCSU,0.000000,pay,0,55YXQ2AC7PUOOYIWUFIOGFZ7M5CBWFUDOIT7L3FMZVE7HGC3IKABL7HVOE,IN,false
pera-wallet,phone:mobile-1,55YXQ2AC7PUOOYIWUFIOGFZ7M5CBWFUDOIT7L3FMZVE7HGC3IKABL7HVOE,FSJNTHBXZBGI43HW34XWPFG7ZAHAFAOU4BWTZO7OH2XLKYFO6STQ,0.001,0,2024-01-23 14:16:34,5ZTFAAE5XSZXQSE2VSYNP2IDQTODCAWJD5YXMPIRYRDVKE3XZSL7FXHCSU,0,pay,0.000100,55YXQ2AC7PUOOYIWUFIOGFZ7M5CBWFUDOIT7L3FMZVE7HGC3IKABL7HVOE,IN,false
pera-wallet,phone:mobile-1,55YXQ2AC7PUOOYIWUFIOGFZ7M5CBWFUDOIT7L3FMZVE7HGC3IKABL7HVOE,FSJNTHBXZBGI43HW34XWPFG7ZAHAFAOU4BWTZO7OH2XLKYFO6STQ,0,0.000000,2024-01-23 14:16:34,5ZTFAAE5XSZXQSE2VSYNP2IDQTODCAWJD5YXMPIRYRDVKE3XZSL7FXHCSU,0.000000,pay,0,55YXQ2AC7PUOOYIWUFIOGFZ7M5CBWFUDOIT7L3FMZVE7HGC3IKABL7HVOE,IN,false
pera-wallet,phone:mobile-1,55YXQ2AC7PUOOYIWUFIOGFZ7M5CBWFUDOIT7L3FMZVE7HGC3IKABL7HVOE,QUKFVRQLMEY5FYNN3LDNWWLVYMUT7J23YYP3RP4YI4AGUS3UH6QA,0.001,0,2024-01-23 13:06:11,5ZTFAAE5XSZXQSE2VSYNP2IDQTODCAWJD5YXMPIRYRDVKE3XZSL7FXHCSU,0,pay,0.000100,55YXQ2AC7PUOOYIWUFIOGFZ7M5CBWFUDOIT7L3FMZVE7HGC3IKABL7HVOE,IN,false
pera-wallet,phone:mobile-1,55YXQ2AC7PUOOYIWUFIOGFZ7M5CBWFUDOIT7L3FMZVE7HGC3IKABL7HVOE,QUKFVRQLMEY5FYNN3LDNWWLVYMUT7J23YYP3RP4YI4AGUS3UH6QA,0,0.000000,2024-01-23 13:06:11,5ZTFAAE5XSZXQSE2VSYNP2IDQTODCAWJD5YXMPIRYRDVKE3XZSL7FXHCSU,0.000000,pay,0,55YXQ2AC7PUOOYIWUFIOGFZ7M5CBWFUDOIT7L3FMZVE7HGC3IKABL7HVOE,IN,false
pera-wallet,phone:mobile-1,55YXQ2AC7PUOOYIWUFIOGFZ7M5CBWFUDOIT7L3FMZVE7HGC3IKABL7HVOE,AIJFW2EO44ZYS3GQNMETECKQU3TZY2NCCGBNGKWYW2AQMMILICWQ,0.001,0,2024-01-23 11:50:13,5ZTFAAE5XSZXQSE2VSYNP2IDQTODCAWJD5YXMPIRYRDVKE3XZSL7FXHCSU,0,pay,0.000100,55YXQ2AC7PUOOYIWUFIOGFZ7M5CBWFUDOIT7L3FMZVE7HGC3IKABL7HVOE,IN,false
pera-wallet,phone:mobile-1,55YXQ2AC7PUOOYIWUFIOGFZ7M5CBWFUDOIT7L3FMZVE7HGC3IKABL7HVOE,AIJFW2EO44ZYS3GQNMETECKQU3TZY2NCCGBNGKWYW2AQMMILICWQ,0,0.000000,2024-01-23 11:50:13,5ZTFAAE5XSZXQSE2VSYNP2IDQTODCAWJD5YXMPIRYRDVKE3XZSL7FXHCSU,0.000000,pay,0,55YXQ2AC7PUOOYIWUFIOGFZ7M5CBWFUDOIT7L3FMZVE7HGC3IKABL7HVOE,IN,false
pera-wallet,phone:mobile-1,55YXQ2AC7PUOOYIWUFIOGFZ7M5CBWFUDOIT7L3FMZVE7HGC3IKABL7HVOE,7GSVM4QQ4QACRP6LKNHEG5JSTFTTLHEJFY2QK4E4BAHIE7IF47WQ,0.001,0,2024-01-23 10:39:54,5ZTFAAE5XSZXQSE2VSYNP2IDQTODCAWJD5YXMPIRYRDVKE3XZSL7FXHCSU,0,pay,0.000100,55YXQ2AC7PUOOYIWUFIOGFZ7M5CBWFUDOIT7L3FMZVE7HGC3IKABL7HVOE,IN,false
pera-wallet,phone:mobile-1,55YXQ2AC7PUOOYIWUFIOGFZ7M5CBWFUDOIT7L3FMZVE7HGC3IKABL7HVOE,7GSVM4QQ4QACRP6LKNHEG5JSTFTTLHEJFY2QK4E4BAHIE7IF47WQ,0,0.000000,2024-01-23 10:39:54,5ZTFAAE5XSZXQSE2VSYNP2IDQTODCAWJD5YXMPIRYRDVKE3XZSL7FXHCSU,0.000000,pay,0,55YXQ2AC7PUOOYIWUFIOGFZ7M5CBWFUDOIT7L3FMZVE7HGC3IKABL7HVOE,IN,false
pera-wallet,phone:mobile-1,55YXQ2AC7PUOOYIWUFIOGFZ7M5CBWFUDOIT7L3FMZVE7HGC3IKABL7HVOE,Q7EYQAWNDREKSWIYSQLDMRVBE54XVPBPVGK7LUP2GD6WY7TSD4VA,0.001,0,2024-01-23 09:30:47,5ZTFAAE5XSZXQSE2VSYNP2IDQTODCAWJD5YXMPIRYRDVKE3XZSL7FXHCSU,0,pay,0.000100,55YXQ2AC7PUOOYIWUFIOGFZ7M5CBWFUDOIT7L3FMZVE7HGC3IKABL7HVOE,IN,false
pera-wallet,phone:mobile-1,55YXQ2AC7PUOOYIWUFIOGFZ7M5CBWFUDOIT7L3FMZVE7HGC3IKABL7HVOE,Q7EYQAWNDREKSWIYSQLDMRVBE54XVPBPVGK7LUP2GD6WY7TSD4VA,0,0.000000,2024-01-23 09:30:47,5ZTFAAE5XSZXQSE2VSYNP2IDQTODCAWJD5YXMPIRYRDVKE3XZSL7FXHCSU,0.000000,pay,0,55YXQ2AC7PUOOYIWUFIOGFZ7M5CBWFUDOIT7L3FMZVE7HGC3IKABL7HVOE,IN,false
pera-wallet,phone:mobile-1,55YXQ2AC7PUOOYIWUFIOGFZ7M5CBWFUDOIT7L3FMZVE7HGC3IKABL7HVOE,IVPLQCG4NAXVNHRJTBIFQT44Q2AS6GGT5JYQXJTNE7VLQI5JIYJA,0.001,0,2024-01-23 07:46:37,5ZTFAAE5XSZXQSE2VSYNP2IDQTODCAWJD5YXMPIRYRDVKE3XZSL7FXHCSU,0,pay,0.000100,55YXQ2AC7PUOOYIWUFIOGFZ7M5CBWFUDOIT7L3FMZVE7HGC3IKABL7HVOE,IN,false
pera-wallet,phone:mobile-1,55YXQ2AC7PUOOYIWUFIOGFZ7M5CBWFUDOIT7L3FMZVE7HGC3IKABL7HVOE,IVPLQCG4NAXVNHRJTBIFQT44Q2AS6GGT5JYQXJTNE7VLQI5JIYJA,0,0.000000,2024-01-23 07:46:37,5ZTFAAE5XSZXQSE2VSYNP2IDQTODCAWJD5YXMPIRYRDVKE3XZSL7FXHCSU,0.000000,pay,0,55YXQ2AC7PUOOYIWUFIOGFZ7M5CBWFUDOIT7L3FMZVE7HGC3IKABL7HVOE,IN,false
pera-wallet,phone:mobile-1,55YXQ2AC7PUOOYIWUFIOGFZ7M5CBWFUDOIT7L3FMZVE7HGC3IKABL7HVOE,HADQFQIVQUE6VHWIKFNX2E6UHK6NLPSZNQI26L7JJJPZ25H3S6LA,0.001,0,2024-01-23 05:27:11,5ZTFAAE5XSZXQSE2VSYNP2IDQTODCAWJD5YXMPIRYRDVKE3XZSL7FXHCSU,0,pay,0.000100,55YXQ2AC7PUOOYIWUFIOGFZ7M5CBWFUDOIT7L3FMZVE7HGC3IKABL7HVOE,IN,false
pera-wallet,phone:mobile-1,55YXQ2AC7PUOOYIWUFIOGFZ7M5CBWFUDOIT7L3FMZVE7HGC3IKABL7HVOE,HADQFQIVQUE6VHWIKFNX2E6UHK6NLPSZNQI26L7JJJPZ25H3S6LA,0,0.000000,2024-01-23 05:27:11,5ZTFAAE5XSZXQSE2VSYNP2IDQTODCAWJD5YXMPIRYRDVKE3XZSL7FXHCSU,0.000000,pay,0,55YXQ2AC7PUOOYIWUFIOGFZ7M5CBWFUDOIT7L3FMZVE7HGC3IKABL7HVOE,IN,false
pera-wallet,phone:mobile-1,55YXQ2AC7PUOOYIWUFIOGFZ7M5CBWFUDOIT7L3FMZVE7HGC3IKABL7HVOE,OPGK54CGW5HWI74K2CMAN4VTUTM4JRDMWXBMRNANWPNWNR5JMHOQ,0.001,0,2024-01-23 00:52:49,5ZTFAAE5XSZXQSE2VSYNP2IDQTODCAWJD5YXMPIRYRDVKE3XZSL7FXHCSU,0,pay,0.000100,55YXQ2AC7PUOOYIWUFIOGFZ7M5CBWFUDOIT7L3FMZVE7HGC3IKABL7HVOE,IN,false
pera-wallet,phone:mobile-1,55YXQ2AC7PUOOYIWUFIOGFZ7M5CBWFUDOIT7L3FMZVE7HGC3IKABL7HVOE,OPGK54CGW5HWI74K2CMAN4VTUTM4JRDMWXBMRNANWPNWNR5JMHOQ,0,0.000000,2024-01-23 00:52:49,5ZTFAAE5XSZXQSE2VSYNP2IDQTODCAWJD5YXMPIRYRDVKE3XZSL7FXHCSU,0.000000,pay,0,55YXQ2AC7PUOOYIWUFIOGFZ7M5CBWFUDOIT7L3FMZVE7HGC3IKABL7HVOE,IN,false
pera-wallet,phone:mobile-1,55YXQ2AC7PUOOYIWUFIOGFZ7M5CBWFUDOIT7L3FMZVE7HGC3IKABL7HVOE,K6NLUCMSUBWQGWWFGXYE4KL5MSARNDGLBVCWTP3KMOHIATAZ45HA,0.001,0,2024-01-19 08:28:00,55YXQ2AC7PUOOYIWUFIOGFZ7M5CBWFUDOIT7L3FMZVE7HGC3IKABL7HVOE,0,pay,0.019200,V73GWLED56UUKKGOESJYHQADILUFMDM4RIBZZOLOOR4RKONZFDXYTVPMRM,OUT,false
pera-wallet,phone:mobile-1,55YXQ2AC7PUOOYIWUFIOGFZ7M5CBWFUDOIT7L3FMZVE7HGC3IKABL7HVOE,K6NLUCMSUBWQGWWFGXYE4KL5MSARNDGLBVCWTP3KMOHIATAZ45HA,0,0.000000,2024-01-19 08:28:00,55YXQ2AC7PUOOYIWUFIOGFZ7M5CBWFUDOIT7L3FMZVE7HGC3IKABL7HVOE,0.000000,pay,0,V73GWLED56UUKKGOESJYHQADILUFMDM4RIBZZOLOOR4RKONZFDXYTVPMRM,OUT,false
pera-wallet,phone:mobile-1,55YXQ2AC7PUOOYIWUFIOGFZ7M5CBWFUDOIT7L3FMZVE7HGC3IKABL7HVOE,ORN2OZ36QE6HN6FWWCKD7OJBQ55JYYKFF5225BVRLQAJY6WHZ47Q,0,0,2024-01-19 08:28:00,55YXQ2AC7PUOOYIWUFIOGFZ7M5CBWFUDOIT7L3FMZVE7HGC3IKABL7HVOE,0,appl,0.000000,,OUT,false
pera-wallet,phone:mobile-1,55YXQ2AC7PUOOYIWUFIOGFZ7M5CBWFUDOIT7L3FMZVE7HGC3IKABL7HVOE,ORN2OZ36QE6HN6FWWCKD7OJBQ55JYYKFF5225BVRLQAJY6WHZ47Q,0,0.000000,2024-01-19 08:28:00,55YXQ2AC7PUOOYIWUFIOGFZ7M5CBWFUDOIT7L3FMZVE7HGC3IKABL7HVOE,0.000000,appl,0,,OUT,false
pera-wallet,phone:mobile-1,55YXQ2AC7PUOOYIWUFIOGFZ7M5CBWFUDOIT7L3FMZVE7HGC3IKABL7HVOE,5NTCWNRFRFGXR3DT42KW3D5CMBUPZQAKNGFPH3LDSV7BL76VATBA,0,0,2024-01-19 08:28:00,55YXQ2AC7PUOOYIWUFIOGFZ7M5CBWFUDOIT7L3FMZVE7HGC3IKABL7HVOE,0,appl,0.000000,,OUT,false
pera-wallet,phone:mobile-1,55YXQ2AC7PUOOYIWUFIOGFZ7M5CBWFUDOIT7L3FMZVE7HGC3IKABL7HVOE,5NTCWNRFRFGXR3DT42KW3D5CMBUPZQAKNGFPH3LDSV7BL76VATBA,0,0.000000,2024-01-19 08:28:00,55YXQ2AC7PUOOYIWUFIOGFZ7M5CBWFUDOIT7L3FMZVE7HGC3IKABL7HVOE,0.000000,appl,0,,OUT,false
pera-wallet,phone:mobile-1,55YXQ2AC7PUOOYIWUFIOGFZ7M5CBWFUDOIT7L3FMZVE7HGC3IKABL7HVOE,W3I6MAVUH6QZVYEFIFWNJM4R5FGRQNZXXIFJCIO3V2ZWGPHPH5UQ,0,0,2024-01-19 08:28:00,55YXQ2AC7PUOOYIWUFIOGFZ7M5CBWFUDOIT7L3FMZVE7HGC3IKABL7HVOE,0,pay,2.400000,WQLJ42OMKFOYGEWIPMEK3P4QP63DRIOJ5ADC7L3LIOPJFPV7BG2YRSWJ4I,OUT,false
pera-wallet,phone:mobile-1,55YXQ2AC7PUOOYIWUFIOGFZ7M5CBWFUDOIT7L3FMZVE7HGC3IKABL7HVOE,W3I6MAVUH6QZVYEFIFWNJM4R5FGRQNZXXIFJCIO3V2ZWGPHPH5UQ,0,0.000000,2024-01-19 08:28:00,55YXQ2AC7PUOOYIWUFIOGFZ7M5CBWFUDOIT7L3FMZVE7HGC3IKABL7HVOE,0.000000,pay,0,WQLJ42OMKFOYGEWIPMEK3P4QP63DRIOJ5ADC7L3LIOPJFPV7BG2YRSWJ4I,OUT,false
pera-wallet,phone:mobile-1,55YXQ2AC7PUOOYIWUFIOGFZ7M5CBWFUDOIT7L3FMZVE7HGC3IKABL7HVOE,RY4ZY4FJ75L5RKIMFWDEVPLJVOCVIGZMV6E32BGUYHF4QB7TBIVQ,0.009,0,2024-01-19 08:28:00,55YXQ2AC7PUOOYIWUFIOGFZ7M5CBWFUDOIT7L3FMZVE7HGC3IKABL7HVOE,0,appl,0.000000,,OUT,false
pera-wallet,phone:mobile-1,55YXQ2AC7PUOOYIWUFIOGFZ7M5CBWFUDOIT7L3FMZVE7HGC3IKABL7HVOE,RY4ZY4FJ75L5RKIMFWDEVPLJVOCVIGZMV6E32BGUYHF4QB7TBIVQ,0,0.000000,2024-01-19 08:28:00,55YXQ2AC7PUOOYIWUFIOGFZ7M5CBWFUDOIT7L3FMZVE7HGC3IKABL7HVOE,0.000000,appl,0,,OUT,false
pera-wallet,phone:mobile-1,55YXQ2AC7PUOOYIWUFIOGFZ7M5CBWFUDOIT7L3FMZVE7HGC3IKABL7HVOE,EUZYUP4FEP2F3T2PDONEAHNQYQZ2NRSXR776ACFMRQJGRZV3CNRA,0,0,2024-01-19 08:24:55,OLDMLHGAS3QPO77ZSBOR6YKDDNYDZ7A5MQ55MKJZZYZEC4JPXYNIQDMUVI,0,pay,2.412621,55YXQ2AC7PUOOYIWUFIOGFZ7M5CBWFUDOIT7L3FMZVE7HGC3IKABL7HVOE,IN,false
pera-wallet,phone:mobile-1,55YXQ2AC7PUOOYIWUFIOGFZ7M5CBWFUDOIT7L3FMZVE7HGC3IKABL7HVOE,EUZYUP4FEP2F3T2PDONEAHNQYQZ2NRSXR776ACFMRQJGRZV3CNRA,0,0.000000,2024-01-19 08:24:55,OLDMLHGAS3QPO77ZSBOR6YKDDNYDZ7A5MQ55MKJZZYZEC4JPXYNIQDMUVI,0.000000,pay,0,55YXQ2AC7PUOOYIWUFIOGFZ7M5CBWFUDOIT7L3FMZVE7HGC3IKABL7HVOE,IN,false
pera-wallet,phone:mobile-1,55YXQ2AC7PUOOYIWUFIOGFZ7M5CBWFUDOIT7L3FMZVE7HGC3IKABL7HVOE,WDTO6SLNZGF5SPCBUYCRIKT7RF6Y5RHQQSDJTCXLVSEUAUHTICRQ,0.002,0,2024-01-19 08:24:55,55YXQ2AC7PUOOYIWUFIOGFZ7M5CBWFUDOIT7L3FMZVE7HGC3IKABL7HVOE,0,appl,0.000000,,OUT,false
pera-wallet,phone:mobile-1,55YXQ2AC7PUOOYIWUFIOGFZ7M5CBWFUDOIT7L3FMZVE7HGC3IKABL7HVOE,WDTO6SLNZGF5SPCBUYCRIKT7RF6Y5RHQQSDJTCXLVSEUAUHTICRQ,0,0.000000,2024-01-19 08:24:55,55YXQ2AC7PUOOYIWUFIOGFZ7M5CBWFUDOIT7L3FMZVE7HGC3IKABL7HVOE,0.000000,appl,0,,OUT,false
pera-wallet,phone:mobile-1,55YXQ2AC7PUOOYIWUFIOGFZ7M5CBWFUDOIT7L3FMZVE7HGC3IKABL7HVOE,FBDLZAG22BQ65ZE2ITV5HM4ZF2LOOYKOJIO4OHPP6U57GEFUV4TQ,0.001,0,2024-01-18 13:23:27,55YXQ2AC7PUOOYIWUFIOGFZ7M5CBWFUDOIT7L3FMZVE7HGC3IKABL7HVOE,0,pay,0.038400,V73GWLED56UUKKGOESJYHQADILUFMDM4RIBZZOLOOR4RKONZFDXYTVPMRM,OUT,false
pera-wallet,phone:mobile-1,55YXQ2AC7PUOOYIWUFIOGFZ7M5CBWFUDOIT7L3FMZVE7HGC3IKABL7HVOE,FBDLZAG22BQ65ZE2ITV5HM4ZF2LOOYKOJIO4OHPP6U57GEFUV4TQ,0,0.000000,2024-01-18 13:23:27,55YXQ2AC7PUOOYIWUFIOGFZ7M5CBWFUDOIT7L3FMZVE7HGC3IKABL7HVOE,0.000000,pay,0,V73GWLED56UUKKGOESJYHQADILUFMDM4RIBZZOLOOR4RKONZFDXYTVPMRM,OUT,false
pera-wallet,phone:mobile-1,55YXQ2AC7PUOOYIWUFIOGFZ7M5CBWFUDOIT7L3FMZVE7HGC3IKABL7HVOE,RDV7OH3PYV3PW5TIOQCWFIT37LQ2LMIW3RMZNZ74NIENILPALYYQ,0,0,2024-01-18 13:23:27,55YXQ2AC7PUOOYIWUFIOGFZ7M5CBWFUDOIT7L3FMZVE7HGC3IKABL7HVOE,0,appl,0.000000,,OUT,false
pera-wallet,phone:mobile-1,55YXQ2AC7PUOOYIWUFIOGFZ7M5CBWFUDOIT7L3FMZVE7HGC3IKABL7HVOE,RDV7OH3PYV3PW5TIOQCWFIT37LQ2LMIW3RMZNZ74NIENILPALYYQ,0,0.000000,2024-01-18 13:23:27,55YXQ2AC7PUOOYIWUFIOGFZ7M5CBWFUDOIT7L3FMZVE7HGC3IKABL7HVOE,0.000000,appl,0,,OUT,false
pera-wallet,phone:mobile-1,55YXQ2AC7PUOOYIWUFIOGFZ7M5CBWFUDOIT7L3FMZVE7HGC3IKABL7HVOE,5IJ6J4524L2ZPCZSJ4HFCL6DEGZZH5AI7B5FEDFDLT67XHZEONOA,0,0,2024-01-18 13:23:27,55YXQ2AC7PUOOYIWUFIOGFZ7M5CBWFUDOIT7L3FMZVE7HGC3IKABL7HVOE,0,appl,0.000000,,OUT,false
pera-wallet,phone:mobile-1,55YXQ2AC7PUOOYIWUFIOGFZ7M5CBWFUDOIT7L3FMZVE7HGC3IKABL7HVOE,5IJ6J4524L2ZPCZSJ4HFCL6DEGZZH5AI7B5FEDFDLT67XHZEONOA,0,0.000000,2024-01-18 13:23:27,55YXQ2AC7PUOOYIWUFIOGFZ7M5CBWFUDOIT7L3FMZVE7HGC3IKABL7HVOE,0.000000,appl,0,,OUT,false
pera-wallet,phone:mobile-1,55YXQ2AC7PUOOYIWUFIOGFZ7M5CBWFUDOIT7L3FMZVE7HGC3IKABL7HVOE,WLCUBDZZYADW5JBC6Q3SW7WE6XURQ4UA32R274H5FBMFELYFICSQ,0,0,2024-01-18 13:23:27,55YXQ2AC7PUOOYIWUFIOGFZ7M5CBWFUDOIT7L3FMZVE7HGC3IKABL7HVOE,0,pay,4.800000,WQLJ42OMKFOYGEWIPMEK3P4QP63DRIOJ5ADC7L3LIOPJFPV7BG2YRSWJ4I,OUT,false
pera-wallet,phone:mobile-1,55YXQ2AC7PUOOYIWUFIOGFZ7M5CBWFUDOIT7L3FMZVE7HGC3IKABL7HVOE,WLCUBDZZYADW5JBC6Q3SW7WE6XURQ4UA32R274H5FBMFELYFICSQ,0,0.000000,2024-01-18 13:23:27,55YXQ2AC7PUOOYIWUFIOGFZ7M5CBWFUDOIT7L3FMZVE7HGC3IKABL7HVOE,0.000000,pay,0,WQLJ42OMKFOYGEWIPMEK3P4QP63DRIOJ5ADC7L3LIOPJFPV7BG2YRSWJ4I,OUT,false
pera-wallet,phone:mobile-1,55YXQ2AC7PUOOYIWUFIOGFZ7M5CBWFUDOIT7L3FMZVE7HGC3IKABL7HVOE,YQVWMRO6LSDJUHKWFK5H7HTDX2QHPW4WRPUJLULHPZK7477GSF6A,0.009,0,2024-01-18 13:23:27,55YXQ2AC7PUOOYIWUFIOGFZ7M5CBWFUDOIT7L3FMZVE7HGC3IKABL7HVOE,0,appl,0.000000,,OUT,false
pera-wallet,phone:mobile-1,55YXQ2AC7PUOOYIWUFIOGFZ7M5CBWFUDOIT7L3FMZVE7HGC3IKABL7HVOE,YQVWMRO6LSDJUHKWFK5H7HTDX2QHPW4WRPUJLULHPZK7477GSF6A,0,0.000000,2024-01-18 13:23:27,55YXQ2AC7PUOOYIWUFIOGFZ7M5CBWFUDOIT7L3FMZVE7HGC3IKABL7HVOE,0.000000,appl,0,,OUT,false
pera-wallet,phone:mobile-1,55YXQ2AC7PUOOYIWUFIOGFZ7M5CBWFUDOIT7L3FMZVE7HGC3IKABL7HVOE,XKHLX5CS7M6NJ7EBMWC5IRFJG4LGB2DZKH7RHHRQLWTJGJLNQIWQ,0,0,2024-01-18 13:21:09,OLDMLHGAS3QPO77ZSBOR6YKDDNYDZ7A5MQ55MKJZZYZEC4JPXYNIQDMUVI,0,pay,4.849239,55YXQ2AC7PUOOYIWUFIOGFZ7M5CBWFUDOIT7L3FMZVE7HGC3IKABL7HVOE,IN,false
pera-wallet,phone:mobile-1,55YXQ2AC7PUOOYIWUFIOGFZ7M5CBWFUDOIT7L3FMZVE7HGC3IKABL7HVOE,XKHLX5CS7M6NJ7EBMWC5IRFJG4LGB2DZKH7RHHRQLWTJGJLNQIWQ,0,0.000000,2024-01-18 13:21:09,OLDMLHGAS3QPO77ZSBOR6YKDDNYDZ7A5MQ55MKJZZYZEC4JPXYNIQDMUVI,0.000000,pay,0,55YXQ2AC7PUOOYIWUFIOGFZ7M5CBWFUDOIT7L3FMZVE7HGC3IKABL7HVOE,IN,false
pera-wallet,phone:mobile-1,55YXQ2AC7PUOOYIWUFIOGFZ7M5CBWFUDOIT7L3FMZVE7HGC3IKABL7HVOE,SZ7F7NFEMB4E7FPASYHAUO6CKPJA3PIFUKLTYQKXVNDYPB7PVMIQ,0.002,0,2024-01-18 13:21:09,55YXQ2AC7PUOOYIWUFIOGFZ7M5CBWFUDOIT7L3FMZVE7HGC3IKABL7HVOE,0,appl,0.000000,,OUT,false
pera-wallet,phone:mobile-1,55YXQ2AC7PUOOYIWUFIOGFZ7M5CBWFUDOIT7L3FMZVE7HGC3IKABL7HVOE,SZ7F7NFEMB4E7FPASYHAUO6CKPJA3PIFUKLTYQKXVNDYPB7PVMIQ,0,0.000000,2024-01-18 13:21:09,55YXQ2AC7PUOOYIWUFIOGFZ7M5CBWFUDOIT7L3FMZVE7HGC3IKABL7HVOE,0.000000,appl,0,,OUT,false
pera-wallet,phone:mobile-1,55YXQ2AC7PUOOYIWUFIOGFZ7M5CBWFUDOIT7L3FMZVE7HGC3IKABL7HVOE,UBAQVV7MY7XEESMFYUQLAZYCPYJAR2TUWWLIF7WKBYKK5FCXI43A,0.001,0,2024-01-16 16:51:02,55YXQ2AC7PUOOYIWUFIOGFZ7M5CBWFUDOIT7L3FMZVE7HGC3IKABL7HVOE,0,pay,21.000000,SUWZQZLTG75ZO3ACZMHEWWCF3YCTFR6FO4C64ZMQYIIUWMBFOXGLDO2SX4,OUT,false
pera-wallet,phone:mobile-1,55YXQ2AC7PUOOYIWUFIOGFZ7M5CBWFUDOIT7L3FMZVE7HGC3IKABL7HVOE,UBAQVV7MY7XEESMFYUQLAZYCPYJAR2TUWWLIF7WKBYKK5FCXI43A,0,0.000000,2024-01-16 16:51:02,55YXQ2AC7PUOOYIWUFIOGFZ7M5CBWFUDOIT7L3FMZVE7HGC3IKABL7HVOE,0.000000,pay,0,SUWZQZLTG75ZO3ACZMHEWWCF3YCTFR6FO4C64ZMQYIIUWMBFOXGLDO2SX4,OUT,false
pera-wallet,phone:mobile-1,55YXQ2AC7PUOOYIWUFIOGFZ7M5CBWFUDOIT7L3FMZVE7HGC3IKABL7HVOE,D7JOY6RLP77Q7NMH2OX2VOH26EXG6ZI2IZW7NVTCYGPDNMHW4TXQ,0,0,2024-01-16 16:50:08,OLDMLHGAS3QPO77ZSBOR6YKDDNYDZ7A5MQ55MKJZZYZEC4JPXYNIQDMUVI,0,pay,3.807597,55YXQ2AC7PUOOYIWUFIOGFZ7M5CBWFUDOIT7L3FMZVE7HGC3IKABL7HVOE,IN,false
pera-wallet,phone:mobile-1,55YXQ2AC7PUOOYIWUFIOGFZ7M5CBWFUDOIT7L3FMZVE7HGC3IKABL7HVOE,D7JOY6RLP77Q7NMH2OX2VOH26EXG6ZI2IZW7NVTCYGPDNMHW4TXQ,0,0.000000,2024-01-16 16:50:08,OLDMLHGAS3QPO77ZSBOR6YKDDNYDZ7A5MQ55MKJZZYZEC4JPXYNIQDMUVI,0.000000,pay,0,55YXQ2AC7PUOOYIWUFIOGFZ7M5CBWFUDOIT7L3FMZVE7HGC3IKABL7HVOE,IN,false
pera-wallet,phone:mobile-1,55YXQ2AC7PUOOYIWUFIOGFZ7M5CBWFUDOIT7L3FMZVE7HGC3IKABL7HVOE,7GTJNI4MBE564QJGLSQA3GW4DYTLYUAOR5CC5R5OMRHO37ZK5IAQ,0.002,0,2024-01-16 16:50:08,55YXQ2AC7PUOOYIWUFIOGFZ7M5CBWFUDOIT7L3FMZVE7HGC3IKABL7HVOE,0,appl,0.000000,,OUT,false
pera-wallet,phone:mobile-1,55YXQ2AC7PUOOYIWUFIOGFZ7M5CBWFUDOIT7L3FMZVE7HGC3IKABL7HVOE,7GTJNI4MBE564QJGLSQA3GW4DYTLYUAOR5CC5R5OMRHO37ZK5IAQ,0,0.000000,2024-01-16 16:50:08,55YXQ2AC7PUOOYIWUFIOGFZ7M5CBWFUDOIT7L3FMZVE7HGC3IKABL7HVOE,0.000000,appl,0,,OUT,false
pera-wallet,phone:mobile-1,55YXQ2AC7PUOOYIWUFIOGFZ7M5CBWFUDOIT7L3FMZVE7HGC3IKABL7HVOE,MLB4SQA2JZFVZRGMIOJBHWUSJEOPQTEMFHTVMKHBNR2L7FKF7NNQ,0.001,0,2024-01-14 18:29:26,55YXQ2AC7PUOOYIWUFIOGFZ7M5CBWFUDOIT7L3FMZVE7HGC3IKABL7HVOE,0,pay,350.000000,2ZOTD3RI3D4JGF3CBVYCKHXLT5CFLNSXKFTV3JEUC3EMFKVIKW7NTPHNVY,OUT,false
pera-wallet,phone:mobile-1,55YXQ2AC7PUOOYIWUFIOGFZ7M5CBWFUDOIT7L3FMZVE7HGC3IKABL7HVOE,MLB4SQA2JZFVZRGMIOJBHWUSJEOPQTEMFHTVMKHBNR2L7FKF7NNQ,0,0.000000,2024-01-14 18:29:26,55YXQ2AC7PUOOYIWUFIOGFZ7M5CBWFUDOIT7L3FMZVE7HGC3IKABL7HVOE,0.000000,pay,0,2ZOTD3RI3D4JGF3CBVYCKHXLT5CFLNSXKFTV3JEUC3EMFKVIKW7NTPHNVY,OUT,false
pera-wallet,phone:mobile-1,55YXQ2AC7PUOOYIWUFIOGFZ7M5CBWFUDOIT7L3FMZVE7HGC3IKABL7HVOE,IG3JHKZNAGJVQJMNTKF5TXAJQXY5NK7VXWZBQ3MIB6KTYOW4B2TQ,0.001,0,2024-01-14 18:28:56,55YXQ2AC7PUOOYIWUFIOGFZ7M5CBWFUDOIT7L3FMZVE7HGC3IKABL7HVOE,0,pay,0.000000,75X4V7CEN6HW3EYSJEJLWDNVX3BOJPPEHU2S34FSEKIN5WEB2OZN2VL5T4,OUT,false
pera-wallet,phone:mobile-1,55YXQ2AC7PUOOYIWUFIOGFZ7M5CBWFUDOIT7L3FMZVE7HGC3IKABL7HVOE,IG3JHKZNAGJVQJMNTKF5TXAJQXY5NK7VXWZBQ3MIB6KTYOW4B2TQ,0,0.000000,2024-01-14 18:28:56,55YXQ2AC7PUOOYIWUFIOGFZ7M5CBWFUDOIT7L3FMZVE7HGC3IKABL7HVOE,0.000000,pay,0,75X4V7CEN6HW3EYSJEJLWDNVX3BOJPPEHU2S34FSEKIN5WEB2OZN2VL5T4,OUT,false
pera-wallet,phone:mobile-1,55YXQ2AC7PUOOYIWUFIOGFZ7M5CBWFUDOIT7L3FMZVE7HGC3IKABL7HVOE,RIWBUIGPK5NQMDM27NF7V3XWD7AQXZ72UZFA3RFWDLHC4527N6PQ,0.001,0,2024-01-14 18:28:16,55YXQ2AC7PUOOYIWUFIOGFZ7M5CBWFUDOIT7L3FMZVE7HGC3IKABL7HVOE,0,appl,0.000000,,OUT,false
pera-wallet,phone:mobile-1,55YXQ2AC7PUOOYIWUFIOGFZ7M5CBWFUDOIT7L3FMZVE7HGC3IKABL7HVOE,RIWBUIGPK5NQMDM27NF7V3XWD7AQXZ72UZFA3RFWDLHC4527N6PQ,0,0.000000,2024-01-14 18:28:16,55YXQ2AC7PUOOYIWUFIOGFZ7M5CBWFUDOIT7L3FMZVE7HGC3IKABL7HVOE,0.000000,appl,0,,OUT,false
pera-wallet,phone:mobile-1,55YXQ2AC7PUOOYIWUFIOGFZ7M5CBWFUDOIT7L3FMZVE7HGC3IKABL7HVOE,BM2R573AG5IMMWCARROXWGRFHKUL3TAXKDGMFQIN34A5C3THTEVQ,0.003,0,2024-01-14 18:27:59,55YXQ2AC7PUOOYIWUFIOGFZ7M5CBWFUDOIT7L3FMZVE7HGC3IKABL7HVOE,0,appl,0.000000,,OUT,false
pera-wallet,phone:mobile-1,55YXQ2AC7PUOOYIWUFIOGFZ7M5CBWFUDOIT7L3FMZVE7HGC3IKABL7HVOE,BM2R573AG5IMMWCARROXWGRFHKUL3TAXKDGMFQIN34A5C3THTEVQ,0,0.000000,2024-01-14 18:27:59,55YXQ2AC7PUOOYIWUFIOGFZ7M5CBWFUDOIT7L3FMZVE7HGC3IKABL7HVOE,0.000000,appl,0,,OUT,false
pera-wallet,phone:mobile-1,55YXQ2AC7PUOOYIWUFIOGFZ7M5CBWFUDOIT7L3FMZVE7HGC3IKABL7HVOE,EFYV2OYTXGUKBIRNDFIR3NR3JXUK5NOPCS5LEUGLQFY2GYHAGQHQ,0.001,0,2024-01-14 18:27:59,55YXQ2AC7PUOOYIWUFIOGFZ7M5CBWFUDOIT7L3FMZVE7HGC3IKABL7HVOE,0,pay,9636.942518,6NAKH5IVZGBDTDEETKV6SLBJNDHZZASX2YO2CUPESH2IPRBN3LSKCH4E2M,OUT,false
pera-wallet,phone:mobile-1,55YXQ2AC7PUOOYIWUFIOGFZ7M5CBWFUDOIT7L3FMZVE7HGC3IKABL7HVOE,EFYV2OYTXGUKBIRNDFIR3NR3JXUK5NOPCS5LEUGLQFY2GYHAGQHQ,0,0.000000,2024-01-14 18:27:59,55YXQ2AC7PUOOYIWUFIOGFZ7M5CBWFUDOIT7L3FMZVE7HGC3IKABL7HVOE,0.000000,pay,0,6NAKH5IVZGBDTDEETKV6SLBJNDHZZASX2YO2CUPESH2IPRBN3LSKCH4E2M,OUT,false
pera-wallet,phone:mobile-1,55YXQ2AC7PUOOYIWUFIOGFZ7M5CBWFUDOIT7L3FMZVE7HGC3IKABL7HVOE,SYYZTWQJA6RGAB7LYQSKAIAIFUV7K7X5VS75MP3YXRALUGKHEFHA,0.001,0,2024-01-14 18:27:59,55YXQ2AC7PUOOYIWUFIOGFZ7M5CBWFUDOIT7L3FMZVE7HGC3IKABL7HVOE,0,axfer,0.000000,6NAKH5IVZGBDTDEETKV6SLBJNDHZZASX2YO2CUPESH2IPRBN3LSKCH4E2M,OUT,false
pera-wallet,phone:mobile-1,55YXQ2AC7PUOOYIWUFIOGFZ7M5CBWFUDOIT7L3FMZVE7HGC3IKABL7HVOE,SYYZTWQJA6RGAB7LYQSKAIAIFUV7K7X5VS75MP3YXRALUGKHEFHA,0,0.000000,2024-01-14 18:27:59,55YXQ2AC7PUOOYIWUFIOGFZ7M5CBWFUDOIT7L3FMZVE7HGC3IKABL7HVOE,0.000000,axfer,0,6NAKH5IVZGBDTDEETKV6SLBJNDHZZASX2YO2CUPESH2IPRBN3LSKCH4E2M,OUT,false
pera-wallet,phone:mobile-1,55YXQ2AC7PUOOYIWUFIOGFZ7M5CBWFUDOIT7L3FMZVE7HGC3IKABL7HVOE,CSNBKVWTKRYGQBQRCQGF3NQ2JRQGYTLVOSBQT6XZ3LTQHYVXJ3XA,0.001,0,2024-01-14 18:27:59,55YXQ2AC7PUOOYIWUFIOGFZ7M5CBWFUDOIT7L3FMZVE7HGC3IKABL7HVOE,0,axfer,0.000000,55YXQ2AC7PUOOYIWUFIOGFZ7M5CBWFUDOIT7L3FMZVE7HGC3IKABL7HVOE,OUT,true
pera-wallet,phone:mobile-1,55YXQ2AC7PUOOYIWUFIOGFZ7M5CBWFUDOIT7L3FMZVE7HGC3IKABL7HVOE,CSNBKVWTKRYGQBQRCQGF3NQ2JRQGYTLVOSBQT6XZ3LTQHYVXJ3XA,0,0.000000,2024-01-14 18:27:59,55YXQ2AC7PUOOYIWUFIOGFZ7M5CBWFUDOIT7L3FMZVE7HGC3IKABL7HVOE,0.000000,axfer,0,55YXQ2AC7PUOOYIWUFIOGFZ7M5CBWFUDOIT7L3FMZVE7HGC3IKABL7HVOE,OUT,true
pera-wallet,phone:mobile-1,55YXQ2AC7PUOOYIWUFIOGFZ7M5CBWFUDOIT7L3FMZVE7HGC3IKABL7HVOE,SWT435KDPSXN6C7BDCMLENEHIJHGSUEO2VIYS4KKIIRUGGEZ3BLA,0.001,0,2024-01-14 18:27:08,TTMVW4BFNCKNEPE4PBPAEEHNYTN6775BH6DVCP2M2ILRD6WNAOPV4TN25E,0,pay,10000.000000,55YXQ2AC7PUOOYIWUFIOGFZ7M5CBWFUDOIT7L3FMZVE7HGC3IKABL7HVOE,IN,false
pera-wallet,phone:mobile-1,55YXQ2AC7PUOOYIWUFIOGFZ7M5CBWFUDOIT7L3FMZVE7HGC3IKABL7HVOE,SWT435KDPSXN6C7BDCMLENEHIJHGSUEO2VIYS4KKIIRUGGEZ3BLA,0,0.000000,2024-01-14 18:27:08,TTMVW4BFNCKNEPE4PBPAEEHNYTN6775BH6DVCP2M2ILRD6WNAOPV4TN25E,0.000000,pay,0,55YXQ2AC7PUOOYIWUFIOGFZ7M5CBWFUDOIT7L3FMZVE7HGC3IKABL7HVOE,IN,false
pera-wallet,phone:mobile-1,55YXQ2AC7PUOOYIWUFIOGFZ7M5CBWFUDOIT7L3FMZVE7HGC3IKABL7HVOE,C3HAQTWYK5YSIL7FESZNUR3AXZI2U3WEKDMPSHEGC3Q6TH6TY6DA,0.002,0,2024-01-14 18:26:28,55YXQ2AC7PUOOYIWUFIOGFZ7M5CBWFUDOIT7L3FMZVE7HGC3IKABL7HVOE,0,appl,0.000000,,OUT,false
pera-wallet,phone:mobile-1,55YXQ2AC7PUOOYIWUFIOGFZ7M5CBWFUDOIT7L3FMZVE7HGC3IKABL7HVOE,C3HAQTWYK5YSIL7FESZNUR3AXZI2U3WEKDMPSHEGC3Q6TH6TY6DA,0,0.000000,2024-01-14 18:26:28,55YXQ2AC7PUOOYIWUFIOGFZ7M5CBWFUDOIT7L3FMZVE7HGC3IKABL7HVOE,0.000000,appl,0,,OUT,false
pera-wallet,phone:mobile-1,55YXQ2AC7PUOOYIWUFIOGFZ7M5CBWFUDOIT7L3FMZVE7HGC3IKABL7HVOE,QNK62IVW6Q6WGYGFELR3JB5MQ5YR6IC7SK6TD3UMBFHFX6FUKRAA,0.004,0,2024-01-14 18:26:28,55YXQ2AC7PUOOYIWUFIOGFZ7M5CBWFUDOIT7L3FMZVE7HGC3IKABL7HVOE,0,appl,0.000000,,OUT,false
pera-wallet,phone:mobile-1,55YXQ2AC7PUOOYIWUFIOGFZ7M5CBWFUDOIT7L3FMZVE7HGC3IKABL7HVOE,QNK62IVW6Q6WGYGFELR3JB5MQ5YR6IC7SK6TD3UMBFHFX6FUKRAA,0,0.000000,2024-01-14 18:26:28,55YXQ2AC7PUOOYIWUFIOGFZ7M5CBWFUDOIT7L3FMZVE7HGC3IKABL7HVOE,0.000000,appl,0,,OUT,false
pera-wallet,phone:mobile-1,55YXQ2AC7PUOOYIWUFIOGFZ7M5CBWFUDOIT7L3FMZVE7HGC3IKABL7HVOE,QNK62IVW6Q6WGYGFELR3JB5MQ5YR6IC7SK6TD3UMBFHFX6FUKRAA,0,0,2024-01-14 18:26:28,GGP73AZM3CMLDLXUDVR2NIULL3M7SORSI4N7DFIOZTVL62UOVSQUTZYEA4,0,axfer,0.000000,,IN,false
pera-wallet,phone:mobile-1,55YXQ2AC7PUOOYIWUFIOGFZ7M5CBWFUDOIT7L3FMZVE7HGC3IKABL7HVOE,QNK62IVW6Q6WGYGFELR3JB5MQ5YR6IC7SK6TD3UMBFHFX6FUKRAA,0,0.000000,2024-01-14 18:26:28,GGP73AZM3CMLDLXUDVR2NIULL3M7SORSI4N7DFIOZTVL62UOVSQUTZYEA4,0.000000,axfer,0,,IN,false
pera-wallet,phone:mobile-1,55YXQ2AC7PUOOYIWUFIOGFZ7M5CBWFUDOIT7L3FMZVE7HGC3IKABL7HVOE,4LTZENDQ4HIHTOWPOYPDMZI22THTVVRKHKFMDG5N2I5TGGENXSHQ,0,0,2024-01-14 18:26:28,55YXQ2AC7PUOOYIWUFIOGFZ7M5CBWFUDOIT7L3FMZVE7HGC3IKABL7HVOE,0,pay,10000.000000,ZHY57UEFZYWKCRXXUORK7J4FN6WYNNIJO2V5GEAPUF5244WXWLB4K3YHV4,OUT,false
pera-wallet,phone:mobile-1,55YXQ2AC7PUOOYIWUFIOGFZ7M5CBWFUDOIT7L3FMZVE7HGC3IKABL7HVOE,4LTZENDQ4HIHTOWPOYPDMZI22THTVVRKHKFMDG5N2I5TGGENXSHQ,0,0.000000,2024-01-14 18:26:28,55YXQ2AC7PUOOYIWUFIOGFZ7M5CBWFUDOIT7L3FMZVE7HGC3IKABL7HVOE,0.000000,pay,0,ZHY57UEFZYWKCRXXUORK7J4FN6WYNNIJO2V5GEAPUF5244WXWLB4K3YHV4,OUT,false
pera-wallet,phone:mobile-1,55YXQ2AC7PUOOYIWUFIOGFZ7M5CBWFUDOIT7L3FMZVE7HGC3IKABL7HVOE,GHRD77X7J7SEF5TP7XRSGJAYKY6R5HPKB3A25HJZCRQJ3KO4V5NQ,0.002,0,2024-01-14 18:26:28,55YXQ2AC7PUOOYIWUFIOGFZ7M5CBWFUDOIT7L3FMZVE7HGC3IKABL7HVOE,0,pay,0.000000,LJB7PYTBDIHLMBPLW5EI3GVMVBI3VISB3H65IIQ425ORDFIFTFQPGU6CKY,OUT,false
pera-wallet,phone:mobile-1,55YXQ2AC7PUOOYIWUFIOGFZ7M5CBWFUDOIT7L3FMZVE7HGC3IKABL7HVOE,GHRD77X7J7SEF5TP7XRSGJAYKY6R5HPKB3A25HJZCRQJ3KO4V5NQ,0,0.000000,2024-01-14 18:26:28,55YXQ2AC7PUOOYIWUFIOGFZ7M5CBWFUDOIT7L3FMZVE7HGC3IKABL7HVOE,0.000000,pay,0,LJB7PYTBDIHLMBPLW5EI3GVMVBI3VISB3H65IIQ425ORDFIFTFQPGU6CKY,OUT,false
pera-wallet,phone:mobile-1,55YXQ2AC7PUOOYIWUFIOGFZ7M5CBWFUDOIT7L3FMZVE7HGC3IKABL7HVOE,5TAEYNSWAX4BNEINKHCEFMMNZ6JYEUP35AT4WOWFADXJ7KSOZXHA,0.001,0,2024-01-14 18:26:28,55YXQ2AC7PUOOYIWUFIOGFZ7M5CBWFUDOIT7L3FMZVE7HGC3IKABL7HVOE,0,axfer,0.000000,55YXQ2AC7PUOOYIWUFIOGFZ7M5CBWFUDOIT7L3FMZVE7HGC3IKABL7HVOE,OUT,true
pera-wallet,phone:mobile-1,55YXQ2AC7PUOOYIWUFIOGFZ7M5CBWFUDOIT7L3FMZVE7HGC3IKABL7HVOE,5TAEYNSWAX4BNEINKHCEFMMNZ6JYEUP35AT4WOWFADXJ7KSOZXHA,0,0.000000,2024-01-14 18:26:28,55YXQ2AC7PUOOYIWUFIOGFZ7M5CBWFUDOIT7L3FMZVE7HGC3IKABL7HVOE,0.000000,axfer,0,55YXQ2AC7PUOOYIWUFIOGFZ7M5CBWFUDOIT7L3FMZVE7HGC3IKABL7HVOE,OUT,true
pera-wallet,phone:mobile-1,55YXQ2AC7PUOOYIWUFIOGFZ7M5CBWFUDOIT7L3FMZVE7HGC3IKABL7HVOE,ND52H252QGALYDVQYMZMJI3ECYCEKEB6U6JI6QOMBTFGYGDAYDCQ,0.001,0,2024-01-14 18:26:28,55YXQ2AC7PUOOYIWUFIOGFZ7M5CBWFUDOIT7L3FMZVE7HGC3IKABL7HVOE,0,pay,0.364000,ZHY57UEFZYWKCRXXUORK7J4FN6WYNNIJO2V5GEAPUF5244WXWLB4K3YHV4,OUT,false
pera-wallet,phone:mobile-1,55YXQ2AC7PUOOYIWUFIOGFZ7M5CBWFUDOIT7L3FMZVE7HGC3IKABL7HVOE,ND52H252QGALYDVQYMZMJI3ECYCEKEB6U6JI6QOMBTFGYGDAYDCQ,0,0.000000,2024-01-14 18:26:28,55YXQ2AC7PUOOYIWUFIOGFZ7M5CBWFUDOIT7L3FMZVE7HGC3IKABL7HVOE,0.000000,pay,0,ZHY57UEFZYWKCRXXUORK7J4FN6WYNNIJO2V5GEAPUF5244WXWLB4K3YHV4,OUT,false
pera-wallet,phone:mobile-1,55YXQ2AC7PUOOYIWUFIOGFZ7M5CBWFUDOIT7L3FMZVE7HGC3IKABL7HVOE,MEBIA6FKYBQ55SQZPUIHYHKK2IFHWYSMS43GVFAPHRZ77OGHW5UQ,0.001,0,2024-01-14 17:03:55,TTMVW4BFNCKNEPE4PBPAEEHNYTN6775BH6DVCP2M2ILRD6WNAOPV4TN25E,0,pay,10005.000000,55YXQ2AC7PUOOYIWUFIOGFZ7M5CBWFUDOIT7L3FMZVE7HGC3IKABL7HVOE,IN,false
pera-wallet,phone:mobile-1,55YXQ2AC7PUOOYIWUFIOGFZ7M5CBWFUDOIT7L3FMZVE7HGC3IKABL7HVOE,MEBIA6FKYBQ55SQZPUIHYHKK2IFHWYSMS43GVFAPHRZ77OGHW5UQ,0,0.000000,2024-01-14 17:03:55,TTMVW4BFNCKNEPE4PBPAEEHNYTN6775BH6DVCP2M2ILRD6WNAOPV4TN25E,0.000000,pay,0,55YXQ2AC7PUOOYIWUFIOGFZ7M5CBWFUDOIT7L3FMZVE7HGC3IKABL7HVOE,IN,false
pera-wallet,phone:mobile-1,55YXQ2AC7PUOOYIWUFIOGFZ7M5CBWFUDOIT7L3FMZVE7HGC3IKABL7HVOE,RPXT66L2C4H3TIT25BNIZMLH7TOHH6NFTIW46QMVIVVNICYJMHAQ,0.001,0,2024-01-14 17:00:36,TTMVW4BFNCKNEPE4PBPAEEHNYTN6775BH6DVCP2M2ILRD6WNAOPV4TN25E,0,pay,1.000000,55YXQ2AC7PUOOYIWUFIOGFZ7M5CBWFUDOIT7L3FMZVE7HGC3IKABL7HVOE,IN,false
pera-wallet,phone:mobile-1,55YXQ2AC7PUOOYIWUFIOGFZ7M5CBWFUDOIT7L3FMZVE7HGC3IKABL7HVOE,RPXT66L2C4H3TIT25BNIZMLH7TOHH6NFTIW46QMVIVVNICYJMHAQ,0,0.000000,2024-01-14 17:00:36,TTMVW4BFNCKNEPE4PBPAEEHNYTN6775BH6DVCP2M2ILRD6WNAOPV4TN25E,0.000000,pay,0,55YXQ2AC7PUOOYIWUFIOGFZ7M5CBWFUDOIT7L3FMZVE7HGC3IKABL7HVOE,IN,false
